req_id,measurer,measurement,pos,t_start,t_end,t_corr,t_img,u_max,u_exp,u
a47467e4,sat_1,OLI,"[-968.8483363471692, -6206.0683764991245, 1107.5517454062976]",0,1000000000.0,1000000000.0,151.49698868235254,100,99.99998485030113,99.99998485030113
