id,type,x_pos,y_pos,z_pos,s_max,measurements,t_start,t_end,t_corr
44fcd3ec,GROUND_POINT,-1107.5517454062974,-6281.238078008599,0.0,100,['OLI'],0.0,100,100.0
44fcea44,GROUND_POINT,-968.8483363471692,-6206.0683764991245,1107.5517454062976,100,['OLI'],0.0,100,100.0
44fcf7fa,GROUND_POINT,-139.71864096995034,-5778.86581714681,2695.5168762512562,100,['OLI'],0.0,100,100.0
44fd0556,GROUND_POINT,139.04463863427281,-5222.812854752392,3658.3486895152464,100,['OLI'],0.0,100,100.0
44fd1294,GROUND_POINT,691.836561163871,-4456.643748755985,4510.023429062076,100,['OLI'],0.0,100,100.0
