req_id,measurer,measurement,pos,t_start,t_end,t_corr,t_img,u_max,u_exp,u
40a2862a,uav1,OLI,"[2, 0, 0.0]",0.0,100,100.0,2.0,100,98.0,98.0
40a2c130,uav1,OLI,"[3, 2, 0.0]",0.0,100,100.0,4.23606797749979,100,95.76393202250021,95.76393202250021
40a2de90,uav1,OLI,"[3, 3, 0.0]",0.0,100,100.0,5.23606797749979,100,94.76393202250021,94.76393202250021
40a2b10e,uav1,OLI,"[4, 1, 0.0]",0.0,100,100.0,7.47213595499958,100,92.52786404500043,92.52786404500043
40a2cffe,uav1,OLI,"[0, 3, 0.0]",0.0,100,100.0,11.94427190999916,100,88.05572809000085,88.05572809000085
