req_id,measurer,measurement,pos,t_start,t_end,t_corr,t_img,u_max,u_exp,u
e0aec7f8,sar_0,sar,"[6122.655714597179, 1755.6432747505382, 333.80586230833165]",0,86400,86400,3700.0,5,0.7976466049382716,2.392939814814815
e0aeaf3e,img_0,visible,"[6152.3634044659275, 1648.520805769438, -333.80586230833165]",0,86400,86400,3700.0,1,0.9571759259259259,0.9571759259259259
e0aec7f8,img_0,visible,"[6122.655714597179, 1755.6432747505382, 333.80586230833165]",0,86400,86400,3770.0,5,0.7969714506172838,2.3909143518518516
e0ae567e,img_0,visible,"[6378.1363, 0.0, 0.0]",0,86400,86400,3930.0,1,0.9545138888888889,0.9545138888888889
