routine,t_avg,t_std,t_med,n,t_total
check_action_statuses,0.0,0.0,0.0,1,1.767999492585659e-06
update_state,0.0,0.0,0.0,1,2.633099938975647e-05
sense_environment,0.178,0.0,0.178,1,0.17833059400436468
update_state_environment,0.001,0.0,0.001,1,0.0006503320037154481
get_environment_broadcasts,0.0,0.0,0.0,1,1.572800101712346e-05
get_agent_broadcasts,0.0,0.0,0.0,1,1.0998999641742557e-05
sense,0.179,0.0,0.179,1,0.17912206299661193
