req_id,measurer,measurement,pos,t_start,t_end,t_corr,t_img,u_max,u_exp,u
752f1ed8,sat0,OLI,"[-968.8483363471692, -6206.0683764991245, 1107.5517454062976]",0.0,10000000000.0,100.0,151.4969886823526,100,99.99999848503012,99.99999848503012
752f2f54,sat0,OLI,"[-139.71864096995034, -5778.86581714681, 2695.5168762512562]",0.0,10000000000.0,100.0,414.29788741704584,100,99.99999585702112,99.99999585702112
752f3f4e,sat0,OLI,"[139.04463863427281, -5222.812854752392, 3658.3486895152464]",0.0,10000000000.0,100.0,576.6160895767093,100,99.99999423383912,99.99999423383912
752f4f52,sat0,OLI,"[691.836561163871, -4456.643748755985, 4510.023429062076]",0.0,10000000000.0,100.0,757.484943411763,100,99.99999242515057,99.99999242515057
752f05ec,sat0,OLI,"[-1107.5517454062974, -6281.238078008599, 0.0]",0.0,10000000000.0,100.0,42593.84213433532,100,99.99957406157866,99.99957406157866
