req_id,measurer,measurement,pos,t_start,t_end,t_corr,t_img,u_max,u_exp,u
4de6437f,img_0,visible,"[615.1169652280624, -4623.9846114218435, 4349.829892513073]",0,86400,86400,700.0,1,0.11021090534979423,0.11021090534979423
4de6437e,img_0,visible,"[5337.224268031288, 3491.755700649289, 47.97813146383141]",0,86400,86400,53300.0,1,0.04256687242798354,0.04256687242798354
