id,type,x_pos,y_pos,z_pos,s_max,measurements,t_start,t_end,t_corr
a47467e4,GROUND_POINT,-968.8483363471692,-6206.0683764991245,1107.5517454062976,100,['OLI'],0,1000000000.0,1000000000.0
