req_id,measurer,measurement,pos,t_start,t_end,t_corr,t_img,u_max,u_exp,u
a69e7704,img_1,OLI,"[3482.908540584252, 574.445119353228, 5312.248447141213]",0,86400,86400,5730.0,100,15.561342592592592,15.561342592592592
