req_id,measurer,measurement,pos,t_start,t_end,t_corr,t_img,u_max,u_exp,u
903674b2,img_0,OLI,"[3482.908540584252, 574.445119353228, 5312.248447141213]",0,86400,86400,7740.0,100,15.17361111111111,15.17361111111111
