inc [deg],num sats,num planes,num planes [norm],ta phasing param,ta phasing angle [deg],time index,time [s],num components,n components [norm],lcc,lcc [norm]
98.0,12,9,0.75,5,150.0,0,0.0,4,0.3333333333333333,6,0.5
98.0,12,9,0.75,5,150.0,1,0.8590907628291929,4,0.3333333333333333,6,0.5
98.0,12,9,0.75,5,150.0,2,1.7181815256583859,4,0.3333333333333333,6,0.5
98.0,12,9,0.75,5,150.0,3,2.577272288487579,4,0.3333333333333333,6,0.5
98.0,12,9,0.75,5,150.0,4,3.4363630513167718,4,0.3333333333333333,6,0.5
98.0,12,9,0.75,5,150.0,5,4.295453814145965,4,0.3333333333333333,6,0.5
98.0,12,9,0.75,5,150.0,6,5.154544576975158,4,0.3333333333333333,6,0.5
98.0,12,9,0.75,5,150.0,7,6.013635339804351,4,0.3333333333333333,6,0.5
98.0,12,9,0.75,5,150.0,8,6.8727261026335436,4,0.3333333333333333,6,0.5
98.0,12,9,0.75,5,150.0,9,7.731816865462736,4,0.3333333333333333,6,0.5
98.0,12,9,0.75,5,150.0,10,8.59090762829193,4,0.3333333333333333,6,0.5
98.0,12,9,0.75,5,150.0,11,9.449998391121122,4,0.3333333333333333,6,0.5
98.0,12,9,0.75,5,150.0,12,10.309089153950316,4,0.3333333333333333,6,0.5
98.0,12,9,0.75,5,150.0,13,11.168179916779508,4,0.3333333333333333,6,0.5
98.0,12,9,0.75,5,150.0,14,12.027270679608701,4,0.3333333333333333,6,0.5
98.0,12,9,0.75,5,150.0,15,12.886361442437893,4,0.3333333333333333,6,0.5
98.0,12,9,0.75,5,150.0,16,13.745452205267087,4,0.3333333333333333,6,0.5
98.0,12,9,0.75,5,150.0,17,14.60454296809628,4,0.3333333333333333,6,0.5
98.0,12,9,0.75,5,150.0,18,15.463633730925473,4,0.3333333333333333,6,0.5
98.0,12,9,0.75,5,150.0,19,16.322724493754666,4,0.3333333333333333,6,0.5
98.0,12,9,0.75,5,150.0,20,17.18181525658386,4,0.3333333333333333,6,0.5
98.0,12,9,0.75,5,150.0,21,18.04090601941305,4,0.3333333333333333,6,0.5
98.0,12,9,0.75,5,150.0,22,18.899996782242244,4,0.3333333333333333,6,0.5
98.0,12,9,0.75,5,150.0,23,19.759087545071438,4,0.3333333333333333,6,0.5
98.0,12,9,0.75,5,150.0,24,20.61817830790063,4,0.3333333333333333,6,0.5
98.0,12,9,0.75,5,150.0,25,21.477269070729825,4,0.3333333333333333,6,0.5
98.0,12,9,0.75,5,150.0,26,22.336359833559015,4,0.3333333333333333,6,0.5
98.0,12,9,0.75,5,150.0,27,23.19545059638821,4,0.3333333333333333,6,0.5
98.0,12,9,0.75,5,150.0,28,24.054541359217403,4,0.3333333333333333,6,0.5
98.0,12,9,0.75,5,150.0,29,24.913632122046597,4,0.3333333333333333,6,0.5
98.0,12,9,0.75,5,150.0,30,25.772722884875787,4,0.3333333333333333,6,0.5
98.0,12,9,0.75,5,150.0,31,26.63181364770498,4,0.3333333333333333,6,0.5
98.0,12,9,0.75,5,150.0,32,27.490904410534174,4,0.3333333333333333,6,0.5
98.0,12,9,0.75,5,150.0,33,28.349995173363368,4,0.3333333333333333,6,0.5
98.0,12,9,0.75,5,150.0,34,29.20908593619256,4,0.3333333333333333,6,0.5
98.0,12,9,0.75,5,150.0,35,30.068176699021752,4,0.3333333333333333,6,0.5
98.0,12,9,0.75,5,150.0,36,30.927267461850946,4,0.3333333333333333,6,0.5
98.0,12,9,0.75,5,150.0,37,31.78635822468014,4,0.3333333333333333,6,0.5
98.0,12,9,0.75,5,150.0,38,32.64544898750933,4,0.3333333333333333,6,0.5
98.0,12,9,0.75,5,150.0,39,33.50453975033852,4,0.3333333333333333,6,0.5
98.0,12,9,0.75,5,150.0,40,34.36363051316772,4,0.3333333333333333,6,0.5
98.0,12,9,0.75,5,150.0,41,35.22272127599691,4,0.3333333333333333,6,0.5
98.0,12,9,0.75,5,150.0,42,36.0818120388261,4,0.3333333333333333,6,0.5
98.0,12,9,0.75,5,150.0,43,36.9409028016553,4,0.3333333333333333,6,0.5
98.0,12,9,0.75,5,150.0,44,37.79999356448449,4,0.3333333333333333,6,0.5
98.0,12,9,0.75,5,150.0,45,38.659084327313685,4,0.3333333333333333,6,0.5
98.0,12,9,0.75,5,150.0,46,39.518175090142876,4,0.3333333333333333,6,0.5
98.0,12,9,0.75,5,150.0,47,40.377265852972066,4,0.3333333333333333,6,0.5
98.0,12,9,0.75,5,150.0,48,41.23635661580126,4,0.3333333333333333,6,0.5
98.0,12,9,0.75,5,150.0,49,42.09544737863045,4,0.3333333333333333,6,0.5
98.0,12,9,0.75,5,150.0,50,42.95453814145965,4,0.3333333333333333,6,0.5
98.0,12,9,0.75,5,150.0,51,43.81362890428884,4,0.3333333333333333,6,0.5
98.0,12,9,0.75,5,150.0,52,44.67271966711803,4,0.3333333333333333,6,0.5
98.0,12,9,0.75,5,150.0,53,45.53181042994723,4,0.3333333333333333,6,0.5
98.0,12,9,0.75,5,150.0,54,46.39090119277642,4,0.3333333333333333,6,0.5
98.0,12,9,0.75,5,150.0,55,47.24999195560561,4,0.3333333333333333,6,0.5
98.0,12,9,0.75,5,150.0,56,48.109082718434806,4,0.3333333333333333,6,0.5
98.0,12,9,0.75,5,150.0,57,48.968173481263996,4,0.3333333333333333,6,0.5
98.0,12,9,0.75,5,150.0,58,49.82726424409319,4,0.3333333333333333,6,0.5
98.0,12,9,0.75,5,150.0,59,50.68635500692238,4,0.3333333333333333,6,0.5
98.0,12,9,0.75,5,150.0,60,51.54544576975157,4,0.3333333333333333,6,0.5
98.0,12,9,0.75,5,150.0,61,52.40453653258077,4,0.3333333333333333,6,0.5
98.0,12,9,0.75,5,150.0,62,53.26362729540996,4,0.3333333333333333,6,0.5
98.0,12,9,0.75,5,150.0,63,54.12271805823916,4,0.3333333333333333,6,0.5
98.0,12,9,0.75,5,150.0,64,54.98180882106835,4,0.3333333333333333,6,0.5
98.0,12,9,0.75,5,150.0,65,55.84089958389754,4,0.3333333333333333,6,0.5
98.0,12,9,0.75,5,150.0,66,56.699990346726736,4,0.3333333333333333,6,0.5
98.0,12,9,0.75,5,150.0,67,57.559081109555926,4,0.3333333333333333,6,0.5
98.0,12,9,0.75,5,150.0,68,58.41817187238512,4,0.3333333333333333,6,0.5
98.0,12,9,0.75,5,150.0,69,59.27726263521431,4,0.3333333333333333,6,0.5
98.0,12,9,0.75,5,150.0,70,60.136353398043504,4,0.3333333333333333,6,0.5
98.0,12,9,0.75,5,150.0,71,60.9954441608727,4,0.3333333333333333,6,0.5
98.0,12,9,0.75,5,150.0,72,61.85453492370189,4,0.3333333333333333,6,0.5
98.0,12,9,0.75,5,150.0,73,62.71362568653109,4,0.3333333333333333,6,0.5
98.0,12,9,0.75,5,150.0,74,63.57271644936028,4,0.3333333333333333,6,0.5
98.0,12,9,0.75,5,150.0,75,64.43180721218947,4,0.3333333333333333,6,0.5
98.0,12,9,0.75,5,150.0,76,65.29089797501867,4,0.3333333333333333,6,0.5
98.0,12,9,0.75,5,150.0,77,66.14998873784786,4,0.3333333333333333,6,0.5
98.0,12,9,0.75,5,150.0,78,67.00907950067705,5,0.4166666666666667,6,0.5
98.0,12,9,0.75,5,150.0,79,67.86817026350624,5,0.4166666666666667,6,0.5
98.0,12,9,0.75,5,150.0,80,68.72726102633544,5,0.4166666666666667,6,0.5
98.0,12,9,0.75,5,150.0,81,69.58635178916462,5,0.4166666666666667,6,0.5
98.0,12,9,0.75,5,150.0,82,70.44544255199382,5,0.4166666666666667,6,0.5
98.0,12,9,0.75,5,150.0,83,71.30453331482302,5,0.4166666666666667,6,0.5
98.0,12,9,0.75,5,150.0,84,72.1636240776522,5,0.4166666666666667,6,0.5
98.0,12,9,0.75,5,150.0,85,73.0227148404814,5,0.4166666666666667,6,0.5
98.0,12,9,0.75,5,150.0,86,73.8818056033106,5,0.4166666666666667,6,0.5
98.0,12,9,0.75,5,150.0,87,74.74089636613978,5,0.4166666666666667,6,0.5
98.0,12,9,0.75,5,150.0,88,75.59998712896898,5,0.4166666666666667,6,0.5
98.0,12,9,0.75,5,150.0,89,76.45907789179817,5,0.4166666666666667,6,0.5
98.0,12,9,0.75,5,150.0,90,77.31816865462737,5,0.4166666666666667,6,0.5
98.0,12,9,0.75,5,150.0,91,78.17725941745655,5,0.4166666666666667,6,0.5
98.0,12,9,0.75,5,150.0,92,79.03635018028575,5,0.4166666666666667,6,0.5
98.0,12,9,0.75,5,150.0,93,79.89544094311495,5,0.4166666666666667,6,0.5
98.0,12,9,0.75,5,150.0,94,80.75453170594413,5,0.4166666666666667,6,0.5
98.0,12,9,0.75,5,150.0,95,81.61362246877333,5,0.4166666666666667,6,0.5
98.0,12,9,0.75,5,150.0,96,82.47271323160253,5,0.4166666666666667,6,0.5
98.0,12,9,0.75,5,150.0,97,83.33180399443171,5,0.4166666666666667,6,0.5
98.0,12,9,0.75,5,150.0,98,84.1908947572609,5,0.4166666666666667,6,0.5
98.0,12,9,0.75,5,150.0,99,85.0499855200901,5,0.4166666666666667,6,0.5
98.0,12,9,0.75,5,150.0,100,85.9090762829193,5,0.4166666666666667,6,0.5
98.0,12,9,0.75,5,150.0,101,86.76816704574848,5,0.4166666666666667,6,0.5
98.0,12,9,0.75,5,150.0,102,87.62725780857768,5,0.4166666666666667,6,0.5
98.0,12,9,0.75,5,150.0,103,88.48634857140688,5,0.4166666666666667,6,0.5
98.0,12,9,0.75,5,150.0,104,89.34543933423606,5,0.4166666666666667,6,0.5
98.0,12,9,0.75,5,150.0,105,90.20453009706526,5,0.4166666666666667,6,0.5
98.0,12,9,0.75,5,150.0,106,91.06362085989446,5,0.4166666666666667,6,0.5
98.0,12,9,0.75,5,150.0,107,91.92271162272364,5,0.4166666666666667,6,0.5
98.0,12,9,0.75,5,150.0,108,92.78180238555284,6,0.5,4,0.3333333333333333
98.0,12,9,0.75,5,150.0,109,93.64089314838203,7,0.5833333333333334,4,0.3333333333333333
98.0,12,9,0.75,5,150.0,110,94.49998391121122,7,0.5833333333333334,4,0.3333333333333333
98.0,12,9,0.75,5,150.0,111,95.35907467404041,7,0.5833333333333334,4,0.3333333333333333
98.0,12,9,0.75,5,150.0,112,96.21816543686961,7,0.5833333333333334,4,0.3333333333333333
98.0,12,9,0.75,5,150.0,113,97.07725619969881,7,0.5833333333333334,4,0.3333333333333333
98.0,12,9,0.75,5,150.0,114,97.93634696252799,7,0.5833333333333334,4,0.3333333333333333
98.0,12,9,0.75,5,150.0,115,98.79543772535719,7,0.5833333333333334,4,0.3333333333333333
98.0,12,9,0.75,5,150.0,116,99.65452848818639,7,0.5833333333333334,4,0.3333333333333333
98.0,12,9,0.75,5,150.0,117,100.51361925101557,7,0.5833333333333334,4,0.3333333333333333
98.0,12,9,0.75,5,150.0,118,101.37271001384477,7,0.5833333333333334,4,0.3333333333333333
98.0,12,9,0.75,5,150.0,119,102.23180077667396,7,0.5833333333333334,4,0.3333333333333333
98.0,12,9,0.75,5,150.0,120,103.09089153950315,7,0.5833333333333334,4,0.3333333333333333
98.0,12,9,0.75,5,150.0,121,103.94998230233234,7,0.5833333333333334,4,0.3333333333333333
98.0,12,9,0.75,5,150.0,122,104.80907306516154,7,0.5833333333333334,4,0.3333333333333333
98.0,12,9,0.75,5,150.0,123,105.66816382799074,7,0.5833333333333334,4,0.3333333333333333
98.0,12,9,0.75,5,150.0,124,106.52725459081992,7,0.5833333333333334,4,0.3333333333333333
98.0,12,9,0.75,5,150.0,125,107.38634535364912,7,0.5833333333333334,4,0.3333333333333333
98.0,12,9,0.75,5,150.0,126,108.24543611647832,7,0.5833333333333334,4,0.3333333333333333
98.0,12,9,0.75,5,150.0,127,109.1045268793075,7,0.5833333333333334,4,0.3333333333333333
98.0,12,9,0.75,5,150.0,128,109.9636176421367,7,0.5833333333333334,4,0.3333333333333333
98.0,12,9,0.75,5,150.0,129,110.8227084049659,7,0.5833333333333334,4,0.3333333333333333
98.0,12,9,0.75,5,150.0,130,111.68179916779508,7,0.5833333333333334,4,0.3333333333333333
98.0,12,9,0.75,5,150.0,131,112.54088993062427,7,0.5833333333333334,4,0.3333333333333333
98.0,12,9,0.75,5,150.0,132,113.39998069345347,7,0.5833333333333334,4,0.3333333333333333
98.0,12,9,0.75,5,150.0,133,114.25907145628265,7,0.5833333333333334,4,0.3333333333333333
98.0,12,9,0.75,5,150.0,134,115.11816221911185,8,0.6666666666666666,3,0.25
98.0,12,9,0.75,5,150.0,135,115.97725298194105,8,0.6666666666666666,3,0.25
98.0,12,9,0.75,5,150.0,136,116.83634374477025,8,0.6666666666666666,3,0.25
98.0,12,9,0.75,5,150.0,137,117.69543450759943,8,0.6666666666666666,3,0.25
98.0,12,9,0.75,5,150.0,138,118.55452527042863,8,0.6666666666666666,3,0.25
98.0,12,9,0.75,5,150.0,139,119.41361603325782,8,0.6666666666666666,3,0.25
98.0,12,9,0.75,5,150.0,140,120.27270679608701,8,0.6666666666666666,3,0.25
98.0,12,9,0.75,5,150.0,141,121.1317975589162,8,0.6666666666666666,3,0.25
98.0,12,9,0.75,5,150.0,142,121.9908883217454,8,0.6666666666666666,3,0.25
98.0,12,9,0.75,5,150.0,143,122.84997908457458,8,0.6666666666666666,3,0.25
98.0,12,9,0.75,5,150.0,144,123.70906984740378,8,0.6666666666666666,3,0.25
98.0,12,9,0.75,5,150.0,145,124.56816061023298,8,0.6666666666666666,3,0.25
98.0,12,9,0.75,5,150.0,146,125.42725137306218,8,0.6666666666666666,3,0.25
98.0,12,9,0.75,5,150.0,147,126.28634213589136,8,0.6666666666666666,3,0.25
98.0,12,9,0.75,5,150.0,148,127.14543289872056,8,0.6666666666666666,3,0.25
98.0,12,9,0.75,5,150.0,149,128.00452366154974,8,0.6666666666666666,3,0.25
98.0,12,9,0.75,5,150.0,150,128.86361442437894,8,0.6666666666666666,3,0.25
98.0,12,9,0.75,5,150.0,151,129.72270518720813,8,0.6666666666666666,3,0.25
98.0,12,9,0.75,5,150.0,152,130.58179595003733,8,0.6666666666666666,3,0.25
98.0,12,9,0.75,5,150.0,153,131.44088671286653,8,0.6666666666666666,3,0.25
98.0,12,9,0.75,5,150.0,154,132.29997747569573,8,0.6666666666666666,3,0.25
98.0,12,9,0.75,5,150.0,155,133.1590682385249,8,0.6666666666666666,3,0.25
98.0,12,9,0.75,5,150.0,156,134.0181590013541,8,0.6666666666666666,3,0.25
98.0,12,9,0.75,5,150.0,157,134.8772497641833,8,0.6666666666666666,3,0.25
98.0,12,9,0.75,5,150.0,158,135.7363405270125,8,0.6666666666666666,3,0.25
98.0,12,9,0.75,5,150.0,159,136.59543128984168,8,0.6666666666666666,3,0.25
98.0,12,9,0.75,5,150.0,160,137.45452205267088,8,0.6666666666666666,3,0.25
98.0,12,9,0.75,5,150.0,161,138.31361281550005,8,0.6666666666666666,3,0.25
98.0,12,9,0.75,5,150.0,162,139.17270357832925,8,0.6666666666666666,3,0.25
98.0,12,9,0.75,5,150.0,163,140.03179434115845,8,0.6666666666666666,3,0.25
98.0,12,9,0.75,5,150.0,164,140.89088510398764,8,0.6666666666666666,3,0.25
98.0,12,9,0.75,5,150.0,165,141.74997586681684,8,0.6666666666666666,3,0.25
98.0,12,9,0.75,5,150.0,166,142.60906662964604,8,0.6666666666666666,3,0.25
98.0,12,9,0.75,5,150.0,167,143.46815739247523,8,0.6666666666666666,3,0.25
98.0,12,9,0.75,5,150.0,168,144.3272481553044,8,0.6666666666666666,3,0.25
98.0,12,9,0.75,5,150.0,169,145.1863389181336,8,0.6666666666666666,3,0.25
98.0,12,9,0.75,5,150.0,170,146.0454296809628,8,0.6666666666666666,3,0.25
98.0,12,9,0.75,5,150.0,171,146.904520443792,8,0.6666666666666666,3,0.25
98.0,12,9,0.75,5,150.0,172,147.7636112066212,8,0.6666666666666666,3,0.25
98.0,12,9,0.75,5,150.0,173,148.6227019694504,8,0.6666666666666666,3,0.25
98.0,12,9,0.75,5,150.0,174,149.48179273227956,8,0.6666666666666666,3,0.25
98.0,12,9,0.75,5,150.0,175,150.34088349510876,8,0.6666666666666666,3,0.25
98.0,12,9,0.75,5,150.0,176,151.19997425793795,8,0.6666666666666666,3,0.25
98.0,12,9,0.75,5,150.0,177,152.05906502076715,8,0.6666666666666666,3,0.25
98.0,12,9,0.75,5,150.0,178,152.91815578359635,8,0.6666666666666666,3,0.25
98.0,12,9,0.75,5,150.0,179,153.77724654642554,8,0.6666666666666666,3,0.25
98.0,12,9,0.75,5,150.0,180,154.63633730925474,8,0.6666666666666666,3,0.25
98.0,12,9,0.75,5,150.0,181,155.4954280720839,8,0.6666666666666666,3,0.25
98.0,12,9,0.75,5,150.0,182,156.3545188349131,8,0.6666666666666666,3,0.25
98.0,12,9,0.75,5,150.0,183,157.2136095977423,8,0.6666666666666666,3,0.25
98.0,12,9,0.75,5,150.0,184,158.0727003605715,8,0.6666666666666666,3,0.25
98.0,12,9,0.75,5,150.0,185,158.9317911234007,8,0.6666666666666666,3,0.25
98.0,12,9,0.75,5,150.0,186,159.7908818862299,8,0.6666666666666666,3,0.25
98.0,12,9,0.75,5,150.0,187,160.6499726490591,8,0.6666666666666666,3,0.25
98.0,12,9,0.75,5,150.0,188,161.50906341188826,8,0.6666666666666666,3,0.25
98.0,12,9,0.75,5,150.0,189,162.36815417471746,8,0.6666666666666666,3,0.25
98.0,12,9,0.75,5,150.0,190,163.22724493754666,8,0.6666666666666666,3,0.25
98.0,12,9,0.75,5,150.0,191,164.08633570037586,8,0.6666666666666666,3,0.25
98.0,12,9,0.75,5,150.0,192,164.94542646320505,8,0.6666666666666666,3,0.25
98.0,12,9,0.75,5,150.0,193,165.80451722603425,8,0.6666666666666666,3,0.25
98.0,12,9,0.75,5,150.0,194,166.66360798886342,8,0.6666666666666666,3,0.25
98.0,12,9,0.75,5,150.0,195,167.52269875169262,8,0.6666666666666666,3,0.25
98.0,12,9,0.75,5,150.0,196,168.3817895145218,8,0.6666666666666666,3,0.25
98.0,12,9,0.75,5,150.0,197,169.240880277351,8,0.6666666666666666,3,0.25
98.0,12,9,0.75,5,150.0,198,170.0999710401802,8,0.6666666666666666,3,0.25
98.0,12,9,0.75,5,150.0,199,170.9590618030094,8,0.6666666666666666,3,0.25
98.0,12,9,0.75,5,150.0,200,171.8181525658386,8,0.6666666666666666,3,0.25
98.0,12,9,0.75,5,150.0,201,172.67724332866777,7,0.5833333333333334,3,0.25
98.0,12,9,0.75,5,150.0,202,173.53633409149697,7,0.5833333333333334,3,0.25
98.0,12,9,0.75,5,150.0,203,174.39542485432617,7,0.5833333333333334,3,0.25
98.0,12,9,0.75,5,150.0,204,175.25451561715536,7,0.5833333333333334,3,0.25
98.0,12,9,0.75,5,150.0,205,176.11360637998456,7,0.5833333333333334,3,0.25
98.0,12,9,0.75,5,150.0,206,176.97269714281376,7,0.5833333333333334,3,0.25
98.0,12,9,0.75,5,150.0,207,177.83178790564293,7,0.5833333333333334,3,0.25
98.0,12,9,0.75,5,150.0,208,178.69087866847212,7,0.5833333333333334,3,0.25
98.0,12,9,0.75,5,150.0,209,179.54996943130132,7,0.5833333333333334,3,0.25
98.0,12,9,0.75,5,150.0,210,180.40906019413052,7,0.5833333333333334,3,0.25
98.0,12,9,0.75,5,150.0,211,181.26815095695972,7,0.5833333333333334,3,0.25
98.0,12,9,0.75,5,150.0,212,182.1272417197889,7,0.5833333333333334,3,0.25
98.0,12,9,0.75,5,150.0,213,182.9863324826181,7,0.5833333333333334,3,0.25
98.0,12,9,0.75,5,150.0,214,183.84542324544728,7,0.5833333333333334,3,0.25
98.0,12,9,0.75,5,150.0,215,184.70451400827648,7,0.5833333333333334,3,0.25
98.0,12,9,0.75,5,150.0,216,185.56360477110567,7,0.5833333333333334,3,0.25
98.0,12,9,0.75,5,150.0,217,186.42269553393487,7,0.5833333333333334,3,0.25
98.0,12,9,0.75,5,150.0,218,187.28178629676407,7,0.5833333333333334,3,0.25
98.0,12,9,0.75,5,150.0,219,188.14087705959327,7,0.5833333333333334,3,0.25
98.0,12,9,0.75,5,150.0,220,188.99996782242243,7,0.5833333333333334,3,0.25
98.0,12,9,0.75,5,150.0,221,189.85905858525163,7,0.5833333333333334,3,0.25
98.0,12,9,0.75,5,150.0,222,190.71814934808083,7,0.5833333333333334,3,0.25
98.0,12,9,0.75,5,150.0,223,191.57724011091003,7,0.5833333333333334,3,0.25
98.0,12,9,0.75,5,150.0,224,192.43633087373922,7,0.5833333333333334,3,0.25
98.0,12,9,0.75,5,150.0,225,193.29542163656842,7,0.5833333333333334,3,0.25
98.0,12,9,0.75,5,150.0,226,194.15451239939762,7,0.5833333333333334,3,0.25
98.0,12,9,0.75,5,150.0,227,195.0136031622268,7,0.5833333333333334,3,0.25
98.0,12,9,0.75,5,150.0,228,195.87269392505598,7,0.5833333333333334,3,0.25
98.0,12,9,0.75,5,150.0,229,196.73178468788518,7,0.5833333333333334,3,0.25
98.0,12,9,0.75,5,150.0,230,197.59087545071438,7,0.5833333333333334,3,0.25
98.0,12,9,0.75,5,150.0,231,198.44996621354358,7,0.5833333333333334,3,0.25
98.0,12,9,0.75,5,150.0,232,199.30905697637277,7,0.5833333333333334,3,0.25
98.0,12,9,0.75,5,150.0,233,200.16814773920197,7,0.5833333333333334,3,0.25
98.0,12,9,0.75,5,150.0,234,201.02723850203114,7,0.5833333333333334,3,0.25
98.0,12,9,0.75,5,150.0,235,201.88632926486034,7,0.5833333333333334,3,0.25
98.0,12,9,0.75,5,150.0,236,202.74542002768953,7,0.5833333333333334,3,0.25
98.0,12,9,0.75,5,150.0,237,203.60451079051873,7,0.5833333333333334,3,0.25
98.0,12,9,0.75,5,150.0,238,204.46360155334793,7,0.5833333333333334,3,0.25
98.0,12,9,0.75,5,150.0,239,205.32269231617713,7,0.5833333333333334,3,0.25
98.0,12,9,0.75,5,150.0,240,206.1817830790063,7,0.5833333333333334,3,0.25
98.0,12,9,0.75,5,150.0,241,207.0408738418355,7,0.5833333333333334,3,0.25
98.0,12,9,0.75,5,150.0,242,207.8999646046647,7,0.5833333333333334,3,0.25
98.0,12,9,0.75,5,150.0,243,208.7590553674939,7,0.5833333333333334,3,0.25
98.0,12,9,0.75,5,150.0,244,209.61814613032308,7,0.5833333333333334,3,0.25
98.0,12,9,0.75,5,150.0,245,210.47723689315228,7,0.5833333333333334,3,0.25
98.0,12,9,0.75,5,150.0,246,211.33632765598148,7,0.5833333333333334,3,0.25
98.0,12,9,0.75,5,150.0,247,212.19541841881065,7,0.5833333333333334,3,0.25
98.0,12,9,0.75,5,150.0,248,213.05450918163984,7,0.5833333333333334,3,0.25
98.0,12,9,0.75,5,150.0,249,213.91359994446904,7,0.5833333333333334,3,0.25
98.0,12,9,0.75,5,150.0,250,214.77269070729824,7,0.5833333333333334,3,0.25
98.0,12,9,0.75,5,150.0,251,215.63178147012744,7,0.5833333333333334,3,0.25
98.0,12,9,0.75,5,150.0,252,216.49087223295663,7,0.5833333333333334,3,0.25
98.0,12,9,0.75,5,150.0,253,217.3499629957858,7,0.5833333333333334,3,0.25
98.0,12,9,0.75,5,150.0,254,218.209053758615,7,0.5833333333333334,3,0.25
98.0,12,9,0.75,5,150.0,255,219.0681445214442,7,0.5833333333333334,3,0.25
98.0,12,9,0.75,5,150.0,256,219.9272352842734,7,0.5833333333333334,3,0.25
98.0,12,9,0.75,5,150.0,257,220.7863260471026,7,0.5833333333333334,3,0.25
98.0,12,9,0.75,5,150.0,258,221.6454168099318,7,0.5833333333333334,3,0.25
98.0,12,9,0.75,5,150.0,259,222.50450757276099,7,0.5833333333333334,3,0.25
98.0,12,9,0.75,5,150.0,260,223.36359833559015,7,0.5833333333333334,3,0.25
98.0,12,9,0.75,5,150.0,261,224.22268909841935,7,0.5833333333333334,3,0.25
98.0,12,9,0.75,5,150.0,262,225.08177986124855,7,0.5833333333333334,3,0.25
98.0,12,9,0.75,5,150.0,263,225.94087062407775,7,0.5833333333333334,3,0.25
98.0,12,9,0.75,5,150.0,264,226.79996138690694,7,0.5833333333333334,3,0.25
98.0,12,9,0.75,5,150.0,265,227.65905214973614,7,0.5833333333333334,3,0.25
98.0,12,9,0.75,5,150.0,266,228.5181429125653,7,0.5833333333333334,3,0.25
98.0,12,9,0.75,5,150.0,267,229.3772336753945,7,0.5833333333333334,3,0.25
98.0,12,9,0.75,5,150.0,268,230.2363244382237,7,0.5833333333333334,3,0.25
98.0,12,9,0.75,5,150.0,269,231.0954152010529,7,0.5833333333333334,3,0.25
98.0,12,9,0.75,5,150.0,270,231.9545059638821,7,0.5833333333333334,3,0.25
98.0,12,9,0.75,5,150.0,271,232.8135967267113,7,0.5833333333333334,3,0.25
98.0,12,9,0.75,5,150.0,272,233.6726874895405,7,0.5833333333333334,3,0.25
98.0,12,9,0.75,5,150.0,273,234.53177825236966,7,0.5833333333333334,3,0.25
98.0,12,9,0.75,5,150.0,274,235.39086901519886,7,0.5833333333333334,3,0.25
98.0,12,9,0.75,5,150.0,275,236.24995977802806,7,0.5833333333333334,3,0.25
98.0,12,9,0.75,5,150.0,276,237.10905054085725,7,0.5833333333333334,3,0.25
98.0,12,9,0.75,5,150.0,277,237.96814130368645,7,0.5833333333333334,3,0.25
98.0,12,9,0.75,5,150.0,278,238.82723206651565,7,0.5833333333333334,3,0.25
98.0,12,9,0.75,5,150.0,279,239.68632282934482,7,0.5833333333333334,3,0.25
98.0,12,9,0.75,5,150.0,280,240.54541359217401,7,0.5833333333333334,3,0.25
98.0,12,9,0.75,5,150.0,281,241.4045043550032,7,0.5833333333333334,3,0.25
98.0,12,9,0.75,5,150.0,282,242.2635951178324,7,0.5833333333333334,3,0.25
98.0,12,9,0.75,5,150.0,283,243.1226858806616,7,0.5833333333333334,3,0.25
98.0,12,9,0.75,5,150.0,284,243.9817766434908,7,0.5833333333333334,3,0.25
98.0,12,9,0.75,5,150.0,285,244.84086740632,7,0.5833333333333334,3,0.25
98.0,12,9,0.75,5,150.0,286,245.69995816914917,7,0.5833333333333334,3,0.25
98.0,12,9,0.75,5,150.0,287,246.55904893197837,7,0.5833333333333334,3,0.25
98.0,12,9,0.75,5,150.0,288,247.41813969480756,7,0.5833333333333334,3,0.25
98.0,12,9,0.75,5,150.0,289,248.27723045763676,7,0.5833333333333334,3,0.25
98.0,12,9,0.75,5,150.0,290,249.13632122046596,7,0.5833333333333334,3,0.25
98.0,12,9,0.75,5,150.0,291,249.99541198329516,7,0.5833333333333334,3,0.25
98.0,12,9,0.75,5,150.0,292,250.85450274612435,7,0.5833333333333334,3,0.25
98.0,12,9,0.75,5,150.0,293,251.71359350895352,7,0.5833333333333334,3,0.25
98.0,12,9,0.75,5,150.0,294,252.57268427178272,7,0.5833333333333334,3,0.25
98.0,12,9,0.75,5,150.0,295,253.43177503461192,7,0.5833333333333334,3,0.25
98.0,12,9,0.75,5,150.0,296,254.2908657974411,7,0.5833333333333334,3,0.25
98.0,12,9,0.75,5,150.0,297,255.1499565602703,7,0.5833333333333334,3,0.25
98.0,12,9,0.75,5,150.0,298,256.0090473230995,7,0.5833333333333334,3,0.25
98.0,12,9,0.75,5,150.0,299,256.8681380859287,7,0.5833333333333334,3,0.25
98.0,12,9,0.75,5,150.0,300,257.7272288487579,7,0.5833333333333334,3,0.25
98.0,12,9,0.75,5,150.0,301,258.5863196115871,7,0.5833333333333334,3,0.25
98.0,12,9,0.75,5,150.0,302,259.44541037441627,7,0.5833333333333334,3,0.25
98.0,12,9,0.75,5,150.0,303,260.30450113724544,7,0.5833333333333334,3,0.25
98.0,12,9,0.75,5,150.0,304,261.16359190007466,7,0.5833333333333334,3,0.25
98.0,12,9,0.75,5,150.0,305,262.02268266290383,7,0.5833333333333334,3,0.25
98.0,12,9,0.75,5,150.0,306,262.88177342573306,7,0.5833333333333334,3,0.25
98.0,12,9,0.75,5,150.0,307,263.7408641885622,7,0.5833333333333334,3,0.25
98.0,12,9,0.75,5,150.0,308,264.59995495139145,7,0.5833333333333334,3,0.25
98.0,12,9,0.75,5,150.0,309,265.4590457142206,7,0.5833333333333334,3,0.25
98.0,12,9,0.75,5,150.0,310,266.3181364770498,7,0.5833333333333334,3,0.25
98.0,12,9,0.75,5,150.0,311,267.177227239879,7,0.5833333333333334,3,0.25
98.0,12,9,0.75,5,150.0,312,268.0363180027082,7,0.5833333333333334,3,0.25
98.0,12,9,0.75,5,150.0,313,268.8954087655374,7,0.5833333333333334,3,0.25
98.0,12,9,0.75,5,150.0,314,269.7544995283666,7,0.5833333333333334,3,0.25
98.0,12,9,0.75,5,150.0,315,270.6135902911958,7,0.5833333333333334,3,0.25
98.0,12,9,0.75,5,150.0,316,271.472681054025,7,0.5833333333333334,3,0.25
98.0,12,9,0.75,5,150.0,317,272.33177181685414,7,0.5833333333333334,3,0.25
98.0,12,9,0.75,5,150.0,318,273.19086257968337,7,0.5833333333333334,3,0.25
98.0,12,9,0.75,5,150.0,319,274.04995334251254,7,0.5833333333333334,3,0.25
98.0,12,9,0.75,5,150.0,320,274.90904410534176,7,0.5833333333333334,3,0.25
98.0,12,9,0.75,5,150.0,321,275.76813486817093,7,0.5833333333333334,3,0.25
98.0,12,9,0.75,5,150.0,322,276.6272256310001,7,0.5833333333333334,3,0.25
98.0,12,9,0.75,5,150.0,323,277.4863163938293,7,0.5833333333333334,3,0.25
98.0,12,9,0.75,5,150.0,324,278.3454071566585,7,0.5833333333333334,3,0.25
98.0,12,9,0.75,5,150.0,325,279.2044979194877,7,0.5833333333333334,3,0.25
98.0,12,9,0.75,5,150.0,326,280.0635886823169,7,0.5833333333333334,3,0.25
98.0,12,9,0.75,5,150.0,327,280.9226794451461,7,0.5833333333333334,3,0.25
98.0,12,9,0.75,5,150.0,328,281.7817702079753,7,0.5833333333333334,3,0.25
98.0,12,9,0.75,5,150.0,329,282.64086097080445,7,0.5833333333333334,3,0.25
98.0,12,9,0.75,5,150.0,330,283.4999517336337,7,0.5833333333333334,3,0.25
98.0,12,9,0.75,5,150.0,331,284.35904249646285,7,0.5833333333333334,3,0.25
98.0,12,9,0.75,5,150.0,332,285.2181332592921,7,0.5833333333333334,3,0.25
98.0,12,9,0.75,5,150.0,333,286.07722402212124,7,0.5833333333333334,3,0.25
98.0,12,9,0.75,5,150.0,334,286.93631478495047,7,0.5833333333333334,3,0.25
98.0,12,9,0.75,5,150.0,335,287.79540554777964,7,0.5833333333333334,3,0.25
98.0,12,9,0.75,5,150.0,336,288.6544963106088,7,0.5833333333333334,3,0.25
98.0,12,9,0.75,5,150.0,337,289.51358707343803,7,0.5833333333333334,3,0.25
98.0,12,9,0.75,5,150.0,338,290.3726778362672,7,0.5833333333333334,3,0.25
98.0,12,9,0.75,5,150.0,339,291.2317685990964,7,0.5833333333333334,3,0.25
98.0,12,9,0.75,5,150.0,340,292.0908593619256,7,0.5833333333333334,3,0.25
98.0,12,9,0.75,5,150.0,341,292.9499501247548,7,0.5833333333333334,3,0.25
98.0,12,9,0.75,5,150.0,342,293.809040887584,7,0.5833333333333334,3,0.25
98.0,12,9,0.75,5,150.0,343,294.66813165041316,7,0.5833333333333334,3,0.25
98.0,12,9,0.75,5,150.0,344,295.5272224132424,7,0.5833333333333334,3,0.25
98.0,12,9,0.75,5,150.0,345,296.38631317607155,7,0.5833333333333334,3,0.25
98.0,12,9,0.75,5,150.0,346,297.2454039389008,7,0.5833333333333334,3,0.25
98.0,12,9,0.75,5,150.0,347,298.10449470172995,7,0.5833333333333334,3,0.25
98.0,12,9,0.75,5,150.0,348,298.9635854645591,7,0.5833333333333334,3,0.25
98.0,12,9,0.75,5,150.0,349,299.82267622738834,7,0.5833333333333334,3,0.25
98.0,12,9,0.75,5,150.0,350,300.6817669902175,7,0.5833333333333334,3,0.25
98.0,12,9,0.75,5,150.0,351,301.54085775304674,7,0.5833333333333334,3,0.25
98.0,12,9,0.75,5,150.0,352,302.3999485158759,7,0.5833333333333334,3,0.25
98.0,12,9,0.75,5,150.0,353,303.25903927870513,7,0.5833333333333334,3,0.25
98.0,12,9,0.75,5,150.0,354,304.1181300415343,7,0.5833333333333334,3,0.25
98.0,12,9,0.75,5,150.0,355,304.97722080436347,7,0.5833333333333334,3,0.25
98.0,12,9,0.75,5,150.0,356,305.8363115671927,7,0.5833333333333334,3,0.25
98.0,12,9,0.75,5,150.0,357,306.69540233002186,7,0.5833333333333334,3,0.25
98.0,12,9,0.75,5,150.0,358,307.5544930928511,8,0.6666666666666666,3,0.25
98.0,12,9,0.75,5,150.0,359,308.41358385568026,8,0.6666666666666666,3,0.25
98.0,12,9,0.75,5,150.0,360,309.2726746185095,8,0.6666666666666666,3,0.25
98.0,12,9,0.75,5,150.0,361,310.13176538133865,8,0.6666666666666666,3,0.25
98.0,12,9,0.75,5,150.0,362,310.9908561441678,8,0.6666666666666666,3,0.25
98.0,12,9,0.75,5,150.0,363,311.84994690699705,8,0.6666666666666666,3,0.25
98.0,12,9,0.75,5,150.0,364,312.7090376698262,8,0.6666666666666666,3,0.25
98.0,12,9,0.75,5,150.0,365,313.56812843265544,8,0.6666666666666666,3,0.25
98.0,12,9,0.75,5,150.0,366,314.4272191954846,8,0.6666666666666666,3,0.25
98.0,12,9,0.75,5,150.0,367,315.28630995831384,8,0.6666666666666666,3,0.25
98.0,12,9,0.75,5,150.0,368,316.145400721143,8,0.6666666666666666,3,0.25
98.0,12,9,0.75,5,150.0,369,317.0044914839722,8,0.6666666666666666,3,0.25
98.0,12,9,0.75,5,150.0,370,317.8635822468014,8,0.6666666666666666,3,0.25
98.0,12,9,0.75,5,150.0,371,318.72267300963057,8,0.6666666666666666,3,0.25
98.0,12,9,0.75,5,150.0,372,319.5817637724598,8,0.6666666666666666,3,0.25
98.0,12,9,0.75,5,150.0,373,320.44085453528896,8,0.6666666666666666,3,0.25
98.0,12,9,0.75,5,150.0,374,321.2999452981182,8,0.6666666666666666,3,0.25
98.0,12,9,0.75,5,150.0,375,322.15903606094736,8,0.6666666666666666,3,0.25
98.0,12,9,0.75,5,150.0,376,323.0181268237765,8,0.6666666666666666,3,0.25
98.0,12,9,0.75,5,150.0,377,323.87721758660575,8,0.6666666666666666,3,0.25
98.0,12,9,0.75,5,150.0,378,324.7363083494349,8,0.6666666666666666,3,0.25
98.0,12,9,0.75,5,150.0,379,325.59539911226415,8,0.6666666666666666,3,0.25
98.0,12,9,0.75,5,150.0,380,326.4544898750933,8,0.6666666666666666,3,0.25
98.0,12,9,0.75,5,150.0,381,327.3135806379225,8,0.6666666666666666,3,0.25
98.0,12,9,0.75,5,150.0,382,328.1726714007517,8,0.6666666666666666,3,0.25
98.0,12,9,0.75,5,150.0,383,329.0317621635809,8,0.6666666666666666,3,0.25
98.0,12,9,0.75,5,150.0,384,329.8908529264101,8,0.6666666666666666,3,0.25
98.0,12,9,0.75,5,150.0,385,330.7499436892393,8,0.6666666666666666,3,0.25
98.0,12,9,0.75,5,150.0,386,331.6090344520685,8,0.6666666666666666,3,0.25
98.0,12,9,0.75,5,150.0,387,332.46812521489767,8,0.6666666666666666,3,0.25
98.0,12,9,0.75,5,150.0,388,333.32721597772684,8,0.6666666666666666,3,0.25
98.0,12,9,0.75,5,150.0,389,334.18630674055606,8,0.6666666666666666,3,0.25
98.0,12,9,0.75,5,150.0,390,335.04539750338523,8,0.6666666666666666,3,0.25
98.0,12,9,0.75,5,150.0,391,335.90448826621446,8,0.6666666666666666,3,0.25
98.0,12,9,0.75,5,150.0,392,336.7635790290436,8,0.6666666666666666,3,0.25
98.0,12,9,0.75,5,150.0,393,337.62266979187285,8,0.6666666666666666,3,0.25
98.0,12,9,0.75,5,150.0,394,338.481760554702,8,0.6666666666666666,3,0.25
98.0,12,9,0.75,5,150.0,395,339.3408513175312,8,0.6666666666666666,3,0.25
98.0,12,9,0.75,5,150.0,396,340.1999420803604,8,0.6666666666666666,3,0.25
98.0,12,9,0.75,5,150.0,397,341.0590328431896,8,0.6666666666666666,3,0.25
98.0,12,9,0.75,5,150.0,398,341.9181236060188,8,0.6666666666666666,3,0.25
98.0,12,9,0.75,5,150.0,399,342.777214368848,8,0.6666666666666666,3,0.25
98.0,12,9,0.75,5,150.0,400,343.6363051316772,8,0.6666666666666666,3,0.25
98.0,12,9,0.75,5,150.0,401,344.4953958945064,8,0.6666666666666666,3,0.25
98.0,12,9,0.75,5,150.0,402,345.35448665733554,8,0.6666666666666666,3,0.25
98.0,12,9,0.75,5,150.0,403,346.21357742016477,8,0.6666666666666666,3,0.25
98.0,12,9,0.75,5,150.0,404,347.07266818299394,8,0.6666666666666666,3,0.25
98.0,12,9,0.75,5,150.0,405,347.93175894582316,8,0.6666666666666666,3,0.25
98.0,12,9,0.75,5,150.0,406,348.79084970865233,8,0.6666666666666666,3,0.25
98.0,12,9,0.75,5,150.0,407,349.6499404714815,8,0.6666666666666666,3,0.25
98.0,12,9,0.75,5,150.0,408,350.5090312343107,8,0.6666666666666666,3,0.25
98.0,12,9,0.75,5,150.0,409,351.3681219971399,8,0.6666666666666666,3,0.25
98.0,12,9,0.75,5,150.0,410,352.2272127599691,8,0.6666666666666666,3,0.25
98.0,12,9,0.75,5,150.0,411,353.0863035227983,8,0.6666666666666666,3,0.25
98.0,12,9,0.75,5,150.0,412,353.9453942856275,8,0.6666666666666666,3,0.25
98.0,12,9,0.75,5,150.0,413,354.8044850484567,8,0.6666666666666666,3,0.25
98.0,12,9,0.75,5,150.0,414,355.66357581128585,8,0.6666666666666666,3,0.25
98.0,12,9,0.75,5,150.0,415,356.5226665741151,8,0.6666666666666666,3,0.25
98.0,12,9,0.75,5,150.0,416,357.38175733694425,8,0.6666666666666666,3,0.25
98.0,12,9,0.75,5,150.0,417,358.2408480997735,8,0.6666666666666666,3,0.25
98.0,12,9,0.75,5,150.0,418,359.09993886260264,8,0.6666666666666666,3,0.25
98.0,12,9,0.75,5,150.0,419,359.95902962543187,8,0.6666666666666666,3,0.25
98.0,12,9,0.75,5,150.0,420,360.81812038826104,8,0.6666666666666666,3,0.25
98.0,12,9,0.75,5,150.0,421,361.6772111510902,8,0.6666666666666666,3,0.25
98.0,12,9,0.75,5,150.0,422,362.53630191391943,8,0.6666666666666666,3,0.25
98.0,12,9,0.75,5,150.0,423,363.3953926767486,8,0.6666666666666666,3,0.25
98.0,12,9,0.75,5,150.0,424,364.2544834395778,8,0.6666666666666666,3,0.25
98.0,12,9,0.75,5,150.0,425,365.113574202407,7,0.5833333333333334,3,0.25
98.0,12,9,0.75,5,150.0,426,365.9726649652362,7,0.5833333333333334,3,0.25
98.0,12,9,0.75,5,150.0,427,366.8317557280654,7,0.5833333333333334,3,0.25
98.0,12,9,0.75,5,150.0,428,367.69084649089456,7,0.5833333333333334,3,0.25
98.0,12,9,0.75,5,150.0,429,368.5499372537238,7,0.5833333333333334,3,0.25
98.0,12,9,0.75,5,150.0,430,369.40902801655295,7,0.5833333333333334,3,0.25
98.0,12,9,0.75,5,150.0,431,370.2681187793822,7,0.5833333333333334,3,0.25
98.0,12,9,0.75,5,150.0,432,371.12720954221135,7,0.5833333333333334,3,0.25
98.0,12,9,0.75,5,150.0,433,371.9863003050406,7,0.5833333333333334,3,0.25
98.0,12,9,0.75,5,150.0,434,372.84539106786974,7,0.5833333333333334,3,0.25
98.0,12,9,0.75,5,150.0,435,373.7044818306989,7,0.5833333333333334,3,0.25
98.0,12,9,0.75,5,150.0,436,374.56357259352814,7,0.5833333333333334,3,0.25
98.0,12,9,0.75,5,150.0,437,375.4226633563573,7,0.5833333333333334,3,0.25
98.0,12,9,0.75,5,150.0,438,376.28175411918653,7,0.5833333333333334,3,0.25
98.0,12,9,0.75,5,150.0,439,377.1408448820157,7,0.5833333333333334,3,0.25
98.0,12,9,0.75,5,150.0,440,377.99993564484487,7,0.5833333333333334,3,0.25
98.0,12,9,0.75,5,150.0,441,378.8590264076741,7,0.5833333333333334,3,0.25
98.0,12,9,0.75,5,150.0,442,379.71811717050326,7,0.5833333333333334,3,0.25
98.0,12,9,0.75,5,150.0,443,380.5772079333325,7,0.5833333333333334,3,0.25
98.0,12,9,0.75,5,150.0,444,381.43629869616166,7,0.5833333333333334,3,0.25
98.0,12,9,0.75,5,150.0,445,382.2953894589909,7,0.5833333333333334,3,0.25
98.0,12,9,0.75,5,150.0,446,383.15448022182005,7,0.5833333333333334,3,0.25
98.0,12,9,0.75,5,150.0,447,384.0135709846492,7,0.5833333333333334,3,0.25
98.0,12,9,0.75,5,150.0,448,384.87266174747845,7,0.5833333333333334,3,0.25
98.0,12,9,0.75,5,150.0,449,385.7317525103076,7,0.5833333333333334,3,0.25
98.0,12,9,0.75,5,150.0,450,386.59084327313684,7,0.5833333333333334,3,0.25
98.0,12,9,0.75,5,150.0,451,387.449934035966,7,0.5833333333333334,3,0.25
98.0,12,9,0.75,5,150.0,452,388.30902479879524,7,0.5833333333333334,3,0.25
98.0,12,9,0.75,5,150.0,453,389.1681155616244,7,0.5833333333333334,3,0.25
98.0,12,9,0.75,5,150.0,454,390.0272063244536,7,0.5833333333333334,3,0.25
98.0,12,9,0.75,5,150.0,455,390.8862970872828,7,0.5833333333333334,3,0.25
98.0,12,9,0.75,5,150.0,456,391.74538785011197,7,0.5833333333333334,3,0.25
98.0,12,9,0.75,5,150.0,457,392.6044786129412,7,0.5833333333333334,3,0.25
98.0,12,9,0.75,5,150.0,458,393.46356937577036,7,0.5833333333333334,3,0.25
98.0,12,9,0.75,5,150.0,459,394.3226601385996,7,0.5833333333333334,3,0.25
98.0,12,9,0.75,5,150.0,460,395.18175090142876,7,0.5833333333333334,3,0.25
98.0,12,9,0.75,5,150.0,461,396.0408416642579,7,0.5833333333333334,3,0.25
98.0,12,9,0.75,5,150.0,462,396.89993242708715,7,0.5833333333333334,3,0.25
98.0,12,9,0.75,5,150.0,463,397.7590231899163,7,0.5833333333333334,3,0.25
98.0,12,9,0.75,5,150.0,464,398.61811395274555,7,0.5833333333333334,3,0.25
98.0,12,9,0.75,5,150.0,465,399.4772047155747,7,0.5833333333333334,3,0.25
98.0,12,9,0.75,5,150.0,466,400.33629547840394,7,0.5833333333333334,3,0.25
98.0,12,9,0.75,5,150.0,467,401.1953862412331,7,0.5833333333333334,3,0.25
98.0,12,9,0.75,5,150.0,468,402.0544770040623,7,0.5833333333333334,3,0.25
98.0,12,9,0.75,5,150.0,469,402.9135677668915,7,0.5833333333333334,3,0.25
98.0,12,9,0.75,5,150.0,470,403.7726585297207,7,0.5833333333333334,3,0.25
98.0,12,9,0.75,5,150.0,471,404.6317492925499,7,0.5833333333333334,3,0.25
98.0,12,9,0.75,5,150.0,472,405.49084005537907,7,0.5833333333333334,3,0.25
98.0,12,9,0.75,5,150.0,473,406.34993081820824,7,0.5833333333333334,3,0.25
98.0,12,9,0.75,5,150.0,474,407.20902158103746,7,0.5833333333333334,3,0.25
98.0,12,9,0.75,5,150.0,475,408.06811234386663,7,0.5833333333333334,3,0.25
98.0,12,9,0.75,5,150.0,476,408.92720310669586,7,0.5833333333333334,3,0.25
98.0,12,9,0.75,5,150.0,477,409.786293869525,7,0.5833333333333334,3,0.25
98.0,12,9,0.75,5,150.0,478,410.64538463235425,7,0.5833333333333334,3,0.25
98.0,12,9,0.75,5,150.0,479,411.5044753951834,7,0.5833333333333334,3,0.25
98.0,12,9,0.75,5,150.0,480,412.3635661580126,6,0.5,4,0.3333333333333333
98.0,12,9,0.75,5,150.0,481,413.2226569208418,6,0.5,4,0.3333333333333333
98.0,12,9,0.75,5,150.0,482,414.081747683671,6,0.5,4,0.3333333333333333
98.0,12,9,0.75,5,150.0,483,414.9408384465002,6,0.5,4,0.3333333333333333
98.0,12,9,0.75,5,150.0,484,415.7999292093294,6,0.5,4,0.3333333333333333
98.0,12,9,0.75,5,150.0,485,416.6590199721586,6,0.5,4,0.3333333333333333
98.0,12,9,0.75,5,150.0,486,417.5181107349878,6,0.5,4,0.3333333333333333
98.0,12,9,0.75,5,150.0,487,418.37720149781694,6,0.5,4,0.3333333333333333
98.0,12,9,0.75,5,150.0,488,419.23629226064617,6,0.5,4,0.3333333333333333
98.0,12,9,0.75,5,150.0,489,420.09538302347534,6,0.5,4,0.3333333333333333
98.0,12,9,0.75,5,150.0,490,420.95447378630456,6,0.5,4,0.3333333333333333
98.0,12,9,0.75,5,150.0,491,421.81356454913373,6,0.5,4,0.3333333333333333
98.0,12,9,0.75,5,150.0,492,422.67265531196296,6,0.5,4,0.3333333333333333
98.0,12,9,0.75,5,150.0,493,423.5317460747921,6,0.5,4,0.3333333333333333
98.0,12,9,0.75,5,150.0,494,424.3908368376213,6,0.5,4,0.3333333333333333
98.0,12,9,0.75,5,150.0,495,425.2499276004505,6,0.5,4,0.3333333333333333
98.0,12,9,0.75,5,150.0,496,426.1090183632797,6,0.5,4,0.3333333333333333
98.0,12,9,0.75,5,150.0,497,426.9681091261089,6,0.5,4,0.3333333333333333
98.0,12,9,0.75,5,150.0,498,427.8271998889381,6,0.5,4,0.3333333333333333
98.0,12,9,0.75,5,150.0,499,428.68629065176725,6,0.5,4,0.3333333333333333
98.0,12,9,0.75,5,150.0,500,429.5453814145965,6,0.5,4,0.3333333333333333
98.0,12,9,0.75,5,150.0,501,430.40447217742565,6,0.5,4,0.3333333333333333
98.0,12,9,0.75,5,150.0,502,431.2635629402549,6,0.5,4,0.3333333333333333
98.0,12,9,0.75,5,150.0,503,432.12265370308404,6,0.5,4,0.3333333333333333
98.0,12,9,0.75,5,150.0,504,432.98174446591327,6,0.5,4,0.3333333333333333
98.0,12,9,0.75,5,150.0,505,433.84083522874243,6,0.5,4,0.3333333333333333
98.0,12,9,0.75,5,150.0,506,434.6999259915716,6,0.5,4,0.3333333333333333
98.0,12,9,0.75,5,150.0,507,435.55901675440083,6,0.5,4,0.3333333333333333
98.0,12,9,0.75,5,150.0,508,436.41810751723,6,0.5,4,0.3333333333333333
98.0,12,9,0.75,5,150.0,509,437.2771982800592,6,0.5,4,0.3333333333333333
98.0,12,9,0.75,5,150.0,510,438.1362890428884,6,0.5,4,0.3333333333333333
98.0,12,9,0.75,5,150.0,511,438.9953798057176,6,0.5,4,0.3333333333333333
98.0,12,9,0.75,5,150.0,512,439.8544705685468,6,0.5,4,0.3333333333333333
98.0,12,9,0.75,5,150.0,513,440.71356133137596,6,0.5,4,0.3333333333333333
98.0,12,9,0.75,5,150.0,514,441.5726520942052,6,0.5,4,0.3333333333333333
98.0,12,9,0.75,5,150.0,515,442.43174285703435,6,0.5,4,0.3333333333333333
98.0,12,9,0.75,5,150.0,516,443.2908336198636,6,0.5,4,0.3333333333333333
98.0,12,9,0.75,5,150.0,517,444.14992438269275,6,0.5,4,0.3333333333333333
98.0,12,9,0.75,5,150.0,518,445.00901514552197,6,0.5,4,0.3333333333333333
98.0,12,9,0.75,5,150.0,519,445.86810590835114,6,0.5,4,0.3333333333333333
98.0,12,9,0.75,5,150.0,520,446.7271966711803,6,0.5,4,0.3333333333333333
98.0,12,9,0.75,5,150.0,521,447.58628743400953,6,0.5,4,0.3333333333333333
98.0,12,9,0.75,5,150.0,522,448.4453781968387,6,0.5,4,0.3333333333333333
98.0,12,9,0.75,5,150.0,523,449.30446895966793,6,0.5,4,0.3333333333333333
98.0,12,9,0.75,5,150.0,524,450.1635597224971,6,0.5,4,0.3333333333333333
98.0,12,9,0.75,5,150.0,525,451.0226504853263,6,0.5,4,0.3333333333333333
98.0,12,9,0.75,5,150.0,526,451.8817412481555,6,0.5,4,0.3333333333333333
98.0,12,9,0.75,5,150.0,527,452.74083201098466,6,0.5,4,0.3333333333333333
98.0,12,9,0.75,5,150.0,528,453.5999227738139,6,0.5,4,0.3333333333333333
98.0,12,9,0.75,5,150.0,529,454.45901353664306,6,0.5,4,0.3333333333333333
98.0,12,9,0.75,5,150.0,530,455.3181042994723,6,0.5,4,0.3333333333333333
98.0,12,9,0.75,5,150.0,531,456.17719506230145,6,0.5,4,0.3333333333333333
98.0,12,9,0.75,5,150.0,532,457.0362858251306,6,0.5,4,0.3333333333333333
98.0,12,9,0.75,5,150.0,533,457.89537658795984,6,0.5,4,0.3333333333333333
98.0,12,9,0.75,5,150.0,534,458.754467350789,6,0.5,4,0.3333333333333333
98.0,12,9,0.75,5,150.0,535,459.61355811361824,6,0.5,4,0.3333333333333333
98.0,12,9,0.75,5,150.0,536,460.4726488764474,6,0.5,4,0.3333333333333333
98.0,12,9,0.75,5,150.0,537,461.33173963927663,6,0.5,4,0.3333333333333333
98.0,12,9,0.75,5,150.0,538,462.1908304021058,6,0.5,4,0.3333333333333333
98.0,12,9,0.75,5,150.0,539,463.049921164935,6,0.5,4,0.3333333333333333
98.0,12,9,0.75,5,150.0,540,463.9090119277642,6,0.5,4,0.3333333333333333
98.0,12,9,0.75,5,150.0,541,464.76810269059337,6,0.5,4,0.3333333333333333
98.0,12,9,0.75,5,150.0,542,465.6271934534226,6,0.5,4,0.3333333333333333
98.0,12,9,0.75,5,150.0,543,466.48628421625176,6,0.5,4,0.3333333333333333
98.0,12,9,0.75,5,150.0,544,467.345374979081,6,0.5,4,0.3333333333333333
98.0,12,9,0.75,5,150.0,545,468.20446574191016,6,0.5,4,0.3333333333333333
98.0,12,9,0.75,5,150.0,546,469.0635565047393,6,0.5,4,0.3333333333333333
98.0,12,9,0.75,5,150.0,547,469.92264726756855,6,0.5,4,0.3333333333333333
98.0,12,9,0.75,5,150.0,548,470.7817380303977,6,0.5,4,0.3333333333333333
98.0,12,9,0.75,5,150.0,549,471.64082879322694,6,0.5,4,0.3333333333333333
98.0,12,9,0.75,5,150.0,550,472.4999195560561,6,0.5,4,0.3333333333333333
98.0,12,9,0.75,5,150.0,551,473.35901031888534,6,0.5,4,0.3333333333333333
98.0,12,9,0.75,5,150.0,552,474.2181010817145,6,0.5,4,0.3333333333333333
98.0,12,9,0.75,5,150.0,553,475.0771918445437,6,0.5,4,0.3333333333333333
98.0,12,9,0.75,5,150.0,554,475.9362826073729,6,0.5,4,0.3333333333333333
98.0,12,9,0.75,5,150.0,555,476.79537337020207,6,0.5,4,0.3333333333333333
98.0,12,9,0.75,5,150.0,556,477.6544641330313,6,0.5,4,0.3333333333333333
98.0,12,9,0.75,5,150.0,557,478.51355489586047,6,0.5,4,0.3333333333333333
98.0,12,9,0.75,5,150.0,558,479.37264565868963,6,0.5,4,0.3333333333333333
98.0,12,9,0.75,5,150.0,559,480.23173642151886,6,0.5,4,0.3333333333333333
98.0,12,9,0.75,5,150.0,560,481.09082718434803,6,0.5,4,0.3333333333333333
98.0,12,9,0.75,5,150.0,561,481.94991794717725,6,0.5,4,0.3333333333333333
98.0,12,9,0.75,5,150.0,562,482.8090087100064,6,0.5,4,0.3333333333333333
98.0,12,9,0.75,5,150.0,563,483.66809947283565,6,0.5,4,0.3333333333333333
98.0,12,9,0.75,5,150.0,564,484.5271902356648,6,0.5,4,0.3333333333333333
98.0,12,9,0.75,5,150.0,565,485.386280998494,6,0.5,4,0.3333333333333333
98.0,12,9,0.75,5,150.0,566,486.2453717613232,6,0.5,4,0.3333333333333333
98.0,12,9,0.75,5,150.0,567,487.1044625241524,6,0.5,4,0.3333333333333333
98.0,12,9,0.75,5,150.0,568,487.9635532869816,6,0.5,4,0.3333333333333333
98.0,12,9,0.75,5,150.0,569,488.8226440498108,6,0.5,4,0.3333333333333333
98.0,12,9,0.75,5,150.0,570,489.68173481264,6,0.5,4,0.3333333333333333
98.0,12,9,0.75,5,150.0,571,490.54082557546917,6,0.5,4,0.3333333333333333
98.0,12,9,0.75,5,150.0,572,491.39991633829834,6,0.5,4,0.3333333333333333
98.0,12,9,0.75,5,150.0,573,492.25900710112757,6,0.5,4,0.3333333333333333
98.0,12,9,0.75,5,150.0,574,493.11809786395673,6,0.5,4,0.3333333333333333
98.0,12,9,0.75,5,150.0,575,493.97718862678596,6,0.5,4,0.3333333333333333
98.0,12,9,0.75,5,150.0,576,494.83627938961513,6,0.5,4,0.3333333333333333
98.0,12,9,0.75,5,150.0,577,495.69537015244435,6,0.5,4,0.3333333333333333
98.0,12,9,0.75,5,150.0,578,496.5544609152735,6,0.5,4,0.3333333333333333
98.0,12,9,0.75,5,150.0,579,497.4135516781027,6,0.5,4,0.3333333333333333
98.0,12,9,0.75,5,150.0,580,498.2726424409319,6,0.5,4,0.3333333333333333
98.0,12,9,0.75,5,150.0,581,499.1317332037611,6,0.5,4,0.3333333333333333
98.0,12,9,0.75,5,150.0,582,499.9908239665903,6,0.5,4,0.3333333333333333
98.0,12,9,0.75,5,150.0,583,500.8499147294195,6,0.5,4,0.3333333333333333
98.0,12,9,0.75,5,150.0,584,501.7090054922487,6,0.5,4,0.3333333333333333
98.0,12,9,0.75,5,150.0,585,502.5680962550779,6,0.5,4,0.3333333333333333
98.0,12,9,0.75,5,150.0,586,503.42718701790704,6,0.5,4,0.3333333333333333
98.0,12,9,0.75,5,150.0,587,504.28627778073627,6,0.5,4,0.3333333333333333
98.0,12,9,0.75,5,150.0,588,505.14536854356544,6,0.5,4,0.3333333333333333
98.0,12,9,0.75,5,150.0,589,506.00445930639466,6,0.5,4,0.3333333333333333
98.0,12,9,0.75,5,150.0,590,506.86355006922383,6,0.5,4,0.3333333333333333
98.0,12,9,0.75,5,150.0,591,507.722640832053,6,0.5,4,0.3333333333333333
98.0,12,9,0.75,5,150.0,592,508.5817315948822,6,0.5,4,0.3333333333333333
98.0,12,9,0.75,5,150.0,593,509.4408223577114,6,0.5,4,0.3333333333333333
98.0,12,9,0.75,5,150.0,594,510.2999131205406,6,0.5,4,0.3333333333333333
98.0,12,9,0.75,5,150.0,595,511.1590038833698,6,0.5,4,0.3333333333333333
98.0,12,9,0.75,5,150.0,596,512.018094646199,6,0.5,4,0.3333333333333333
98.0,12,9,0.75,5,150.0,597,512.8771854090282,6,0.5,4,0.3333333333333333
98.0,12,9,0.75,5,150.0,598,513.7362761718574,6,0.5,4,0.3333333333333333
98.0,12,9,0.75,5,150.0,599,514.5953669346866,6,0.5,4,0.3333333333333333
98.0,12,9,0.75,5,150.0,600,515.4544576975157,6,0.5,4,0.3333333333333333
98.0,12,9,0.75,5,150.0,601,516.3135484603449,6,0.5,4,0.3333333333333333
98.0,12,9,0.75,5,150.0,602,517.1726392231742,6,0.5,4,0.3333333333333333
98.0,12,9,0.75,5,150.0,603,518.0317299860034,6,0.5,4,0.3333333333333333
98.0,12,9,0.75,5,150.0,604,518.8908207488325,6,0.5,4,0.3333333333333333
98.0,12,9,0.75,5,150.0,605,519.7499115116617,6,0.5,4,0.3333333333333333
98.0,12,9,0.75,5,150.0,606,520.6090022744909,6,0.5,4,0.3333333333333333
98.0,12,9,0.75,5,150.0,607,521.4680930373202,6,0.5,4,0.3333333333333333
98.0,12,9,0.75,5,150.0,608,522.3271838001493,6,0.5,4,0.3333333333333333
98.0,12,9,0.75,5,150.0,609,523.1862745629785,6,0.5,4,0.3333333333333333
98.0,12,9,0.75,5,150.0,610,524.0453653258077,6,0.5,4,0.3333333333333333
98.0,12,9,0.75,5,150.0,611,524.9044560886368,6,0.5,4,0.3333333333333333
98.0,12,9,0.75,5,150.0,612,525.7635468514661,6,0.5,4,0.3333333333333333
98.0,12,9,0.75,5,150.0,613,526.6226376142953,6,0.5,4,0.3333333333333333
98.0,12,9,0.75,5,150.0,614,527.4817283771245,6,0.5,4,0.3333333333333333
98.0,12,9,0.75,5,150.0,615,528.3408191399536,6,0.5,4,0.3333333333333333
98.0,12,9,0.75,5,150.0,616,529.1999099027829,6,0.5,4,0.3333333333333333
98.0,12,9,0.75,5,150.0,617,530.0590006656121,6,0.5,4,0.3333333333333333
98.0,12,9,0.75,5,150.0,618,530.9180914284412,6,0.5,4,0.3333333333333333
98.0,12,9,0.75,5,150.0,619,531.7771821912704,6,0.5,4,0.3333333333333333
98.0,12,9,0.75,5,150.0,620,532.6362729540996,6,0.5,4,0.3333333333333333
98.0,12,9,0.75,5,150.0,621,533.4953637169289,6,0.5,4,0.3333333333333333
98.0,12,9,0.75,5,150.0,622,534.354454479758,6,0.5,4,0.3333333333333333
98.0,12,9,0.75,5,150.0,623,535.2135452425872,6,0.5,4,0.3333333333333333
98.0,12,9,0.75,5,150.0,624,536.0726360054164,6,0.5,4,0.3333333333333333
98.0,12,9,0.75,5,150.0,625,536.9317267682455,6,0.5,4,0.3333333333333333
98.0,12,9,0.75,5,150.0,626,537.7908175310748,6,0.5,4,0.3333333333333333
98.0,12,9,0.75,5,150.0,627,538.649908293904,6,0.5,4,0.3333333333333333
98.0,12,9,0.75,5,150.0,628,539.5089990567332,6,0.5,4,0.3333333333333333
98.0,12,9,0.75,5,150.0,629,540.3680898195623,6,0.5,4,0.3333333333333333
98.0,12,9,0.75,5,150.0,630,541.2271805823916,6,0.5,4,0.3333333333333333
98.0,12,9,0.75,5,150.0,631,542.0862713452208,6,0.5,4,0.3333333333333333
98.0,12,9,0.75,5,150.0,632,542.94536210805,6,0.5,4,0.3333333333333333
98.0,12,9,0.75,5,150.0,633,543.8044528708791,6,0.5,4,0.3333333333333333
98.0,12,9,0.75,5,150.0,634,544.6635436337083,6,0.5,4,0.3333333333333333
98.0,12,9,0.75,5,150.0,635,545.5226343965376,7,0.5833333333333334,4,0.3333333333333333
98.0,12,9,0.75,5,150.0,636,546.3817251593667,7,0.5833333333333334,4,0.3333333333333333
98.0,12,9,0.75,5,150.0,637,547.2408159221959,7,0.5833333333333334,4,0.3333333333333333
98.0,12,9,0.75,5,150.0,638,548.0999066850251,7,0.5833333333333334,4,0.3333333333333333
98.0,12,9,0.75,5,150.0,639,548.9589974478542,7,0.5833333333333334,4,0.3333333333333333
98.0,12,9,0.75,5,150.0,640,549.8180882106835,7,0.5833333333333334,4,0.3333333333333333
98.0,12,9,0.75,5,150.0,641,550.6771789735127,7,0.5833333333333334,4,0.3333333333333333
98.0,12,9,0.75,5,150.0,642,551.5362697363419,7,0.5833333333333334,4,0.3333333333333333
98.0,12,9,0.75,5,150.0,643,552.395360499171,7,0.5833333333333334,4,0.3333333333333333
98.0,12,9,0.75,5,150.0,644,553.2544512620002,7,0.5833333333333334,4,0.3333333333333333
98.0,12,9,0.75,5,150.0,645,554.1135420248295,7,0.5833333333333334,4,0.3333333333333333
98.0,12,9,0.75,5,150.0,646,554.9726327876587,7,0.5833333333333334,4,0.3333333333333333
98.0,12,9,0.75,5,150.0,647,555.8317235504878,7,0.5833333333333334,4,0.3333333333333333
98.0,12,9,0.75,5,150.0,648,556.690814313317,7,0.5833333333333334,4,0.3333333333333333
98.0,12,9,0.75,5,150.0,649,557.5499050761463,7,0.5833333333333334,4,0.3333333333333333
98.0,12,9,0.75,5,150.0,650,558.4089958389754,7,0.5833333333333334,4,0.3333333333333333
98.0,12,9,0.75,5,150.0,651,559.2680866018046,7,0.5833333333333334,4,0.3333333333333333
98.0,12,9,0.75,5,150.0,652,560.1271773646338,7,0.5833333333333334,4,0.3333333333333333
98.0,12,9,0.75,5,150.0,653,560.986268127463,7,0.5833333333333334,4,0.3333333333333333
98.0,12,9,0.75,5,150.0,654,561.8453588902922,7,0.5833333333333334,4,0.3333333333333333
98.0,12,9,0.75,5,150.0,655,562.7044496531214,7,0.5833333333333334,4,0.3333333333333333
98.0,12,9,0.75,5,150.0,656,563.5635404159506,7,0.5833333333333334,4,0.3333333333333333
98.0,12,9,0.75,5,150.0,657,564.4226311787797,7,0.5833333333333334,4,0.3333333333333333
98.0,12,9,0.75,5,150.0,658,565.2817219416089,7,0.5833333333333334,4,0.3333333333333333
98.0,12,9,0.75,5,150.0,659,566.1408127044382,7,0.5833333333333334,4,0.3333333333333333
98.0,12,9,0.75,5,150.0,660,566.9999034672674,7,0.5833333333333334,4,0.3333333333333333
98.0,12,9,0.75,5,150.0,661,567.8589942300965,7,0.5833333333333334,4,0.3333333333333333
98.0,12,9,0.75,5,150.0,662,568.7180849929257,7,0.5833333333333334,4,0.3333333333333333
98.0,12,9,0.75,5,150.0,663,569.5771757557549,7,0.5833333333333334,4,0.3333333333333333
98.0,12,9,0.75,5,150.0,664,570.4362665185841,7,0.5833333333333334,4,0.3333333333333333
98.0,12,9,0.75,5,150.0,665,571.2953572814133,7,0.5833333333333334,4,0.3333333333333333
98.0,12,9,0.75,5,150.0,666,572.1544480442425,7,0.5833333333333334,4,0.3333333333333333
98.0,12,9,0.75,5,150.0,667,573.0135388070717,7,0.5833333333333334,4,0.3333333333333333
98.0,12,9,0.75,5,150.0,668,573.8726295699009,7,0.5833333333333334,4,0.3333333333333333
98.0,12,9,0.75,5,150.0,669,574.7317203327301,7,0.5833333333333334,4,0.3333333333333333
98.0,12,9,0.75,5,150.0,670,575.5908110955593,7,0.5833333333333334,4,0.3333333333333333
98.0,12,9,0.75,5,150.0,671,576.4499018583884,7,0.5833333333333334,4,0.3333333333333333
98.0,12,9,0.75,5,150.0,672,577.3089926212176,8,0.6666666666666666,3,0.25
98.0,12,9,0.75,5,150.0,673,578.1680833840469,8,0.6666666666666666,3,0.25
98.0,12,9,0.75,5,150.0,674,579.0271741468761,8,0.6666666666666666,3,0.25
98.0,12,9,0.75,5,150.0,675,579.8862649097052,8,0.6666666666666666,3,0.25
98.0,12,9,0.75,5,150.0,676,580.7453556725344,8,0.6666666666666666,3,0.25
98.0,12,9,0.75,5,150.0,677,581.6044464353636,8,0.6666666666666666,3,0.25
98.0,12,9,0.75,5,150.0,678,582.4635371981929,7,0.5833333333333334,3,0.25
98.0,12,9,0.75,5,150.0,679,583.322627961022,7,0.5833333333333334,3,0.25
98.0,12,9,0.75,5,150.0,680,584.1817187238512,7,0.5833333333333334,3,0.25
98.0,12,9,0.75,5,150.0,681,585.0408094866804,7,0.5833333333333334,3,0.25
98.0,12,9,0.75,5,150.0,682,585.8999002495096,7,0.5833333333333334,3,0.25
98.0,12,9,0.75,5,150.0,683,586.7589910123388,7,0.5833333333333334,3,0.25
98.0,12,9,0.75,5,150.0,684,587.618081775168,7,0.5833333333333334,3,0.25
98.0,12,9,0.75,5,150.0,685,588.4771725379971,7,0.5833333333333334,3,0.25
98.0,12,9,0.75,5,150.0,686,589.3362633008263,7,0.5833333333333334,3,0.25
98.0,12,9,0.75,5,150.0,687,590.1953540636556,7,0.5833333333333334,3,0.25
98.0,12,9,0.75,5,150.0,688,591.0544448264848,7,0.5833333333333334,3,0.25
98.0,12,9,0.75,5,150.0,689,591.9135355893139,7,0.5833333333333334,3,0.25
98.0,12,9,0.75,5,150.0,690,592.7726263521431,7,0.5833333333333334,3,0.25
98.0,12,9,0.75,5,150.0,691,593.6317171149723,8,0.6666666666666666,2,0.16666666666666666
98.0,12,9,0.75,5,150.0,692,594.4908078778016,8,0.6666666666666666,2,0.16666666666666666
98.0,12,9,0.75,5,150.0,693,595.3498986406307,8,0.6666666666666666,2,0.16666666666666666
98.0,12,9,0.75,5,150.0,694,596.2089894034599,8,0.6666666666666666,2,0.16666666666666666
98.0,12,9,0.75,5,150.0,695,597.0680801662891,8,0.6666666666666666,2,0.16666666666666666
98.0,12,9,0.75,5,150.0,696,597.9271709291182,8,0.6666666666666666,2,0.16666666666666666
98.0,12,9,0.75,5,150.0,697,598.7862616919475,8,0.6666666666666666,2,0.16666666666666666
98.0,12,9,0.75,5,150.0,698,599.6453524547767,8,0.6666666666666666,2,0.16666666666666666
98.0,12,9,0.75,5,150.0,699,600.5044432176059,8,0.6666666666666666,2,0.16666666666666666
98.0,12,9,0.75,5,150.0,700,601.363533980435,8,0.6666666666666666,2,0.16666666666666666
98.0,12,9,0.75,5,150.0,701,602.2226247432643,8,0.6666666666666666,2,0.16666666666666666
98.0,12,9,0.75,5,150.0,702,603.0817155060935,8,0.6666666666666666,2,0.16666666666666666
98.0,12,9,0.75,5,150.0,703,603.9408062689226,8,0.6666666666666666,2,0.16666666666666666
98.0,12,9,0.75,5,150.0,704,604.7998970317518,8,0.6666666666666666,2,0.16666666666666666
98.0,12,9,0.75,5,150.0,705,605.658987794581,8,0.6666666666666666,2,0.16666666666666666
98.0,12,9,0.75,5,150.0,706,606.5180785574103,8,0.6666666666666666,2,0.16666666666666666
98.0,12,9,0.75,5,150.0,707,607.3771693202394,8,0.6666666666666666,2,0.16666666666666666
98.0,12,9,0.75,5,150.0,708,608.2362600830686,8,0.6666666666666666,2,0.16666666666666666
98.0,12,9,0.75,5,150.0,709,609.0953508458978,8,0.6666666666666666,2,0.16666666666666666
98.0,12,9,0.75,5,150.0,710,609.9544416087269,8,0.6666666666666666,2,0.16666666666666666
98.0,12,9,0.75,5,150.0,711,610.8135323715562,8,0.6666666666666666,2,0.16666666666666666
98.0,12,9,0.75,5,150.0,712,611.6726231343854,8,0.6666666666666666,2,0.16666666666666666
98.0,12,9,0.75,5,150.0,713,612.5317138972146,8,0.6666666666666666,2,0.16666666666666666
98.0,12,9,0.75,5,150.0,714,613.3908046600437,8,0.6666666666666666,2,0.16666666666666666
98.0,12,9,0.75,5,150.0,715,614.249895422873,8,0.6666666666666666,2,0.16666666666666666
98.0,12,9,0.75,5,150.0,716,615.1089861857022,8,0.6666666666666666,2,0.16666666666666666
98.0,12,9,0.75,5,150.0,717,615.9680769485313,8,0.6666666666666666,2,0.16666666666666666
98.0,12,9,0.75,5,150.0,718,616.8271677113605,8,0.6666666666666666,2,0.16666666666666666
98.0,12,9,0.75,5,150.0,719,617.6862584741897,8,0.6666666666666666,2,0.16666666666666666
98.0,12,9,0.75,5,150.0,720,618.545349237019,8,0.6666666666666666,2,0.16666666666666666
98.0,12,9,0.75,5,150.0,721,619.4044399998481,8,0.6666666666666666,2,0.16666666666666666
98.0,12,9,0.75,5,150.0,722,620.2635307626773,8,0.6666666666666666,2,0.16666666666666666
98.0,12,9,0.75,5,150.0,723,621.1226215255065,8,0.6666666666666666,2,0.16666666666666666
98.0,12,9,0.75,5,150.0,724,621.9817122883356,8,0.6666666666666666,2,0.16666666666666666
98.0,12,9,0.75,5,150.0,725,622.8408030511649,8,0.6666666666666666,2,0.16666666666666666
98.0,12,9,0.75,5,150.0,726,623.6998938139941,8,0.6666666666666666,2,0.16666666666666666
98.0,12,9,0.75,5,150.0,727,624.5589845768233,8,0.6666666666666666,2,0.16666666666666666
98.0,12,9,0.75,5,150.0,728,625.4180753396524,8,0.6666666666666666,2,0.16666666666666666
98.0,12,9,0.75,5,150.0,729,626.2771661024816,8,0.6666666666666666,2,0.16666666666666666
98.0,12,9,0.75,5,150.0,730,627.1362568653109,8,0.6666666666666666,2,0.16666666666666666
98.0,12,9,0.75,5,150.0,731,627.99534762814,8,0.6666666666666666,2,0.16666666666666666
98.0,12,9,0.75,5,150.0,732,628.8544383909692,8,0.6666666666666666,2,0.16666666666666666
98.0,12,9,0.75,5,150.0,733,629.7135291537984,8,0.6666666666666666,2,0.16666666666666666
98.0,12,9,0.75,5,150.0,734,630.5726199166277,8,0.6666666666666666,2,0.16666666666666666
98.0,12,9,0.75,5,150.0,735,631.4317106794568,8,0.6666666666666666,2,0.16666666666666666
98.0,12,9,0.75,5,150.0,736,632.290801442286,8,0.6666666666666666,2,0.16666666666666666
98.0,12,9,0.75,5,150.0,737,633.1498922051152,8,0.6666666666666666,2,0.16666666666666666
98.0,12,9,0.75,5,150.0,738,634.0089829679443,8,0.6666666666666666,2,0.16666666666666666
98.0,12,9,0.75,5,150.0,739,634.8680737307736,8,0.6666666666666666,2,0.16666666666666666
98.0,12,9,0.75,5,150.0,740,635.7271644936028,8,0.6666666666666666,2,0.16666666666666666
98.0,12,9,0.75,5,150.0,741,636.586255256432,8,0.6666666666666666,2,0.16666666666666666
98.0,12,9,0.75,5,150.0,742,637.4453460192611,8,0.6666666666666666,2,0.16666666666666666
98.0,12,9,0.75,5,150.0,743,638.3044367820903,8,0.6666666666666666,2,0.16666666666666666
98.0,12,9,0.75,5,150.0,744,639.1635275449196,8,0.6666666666666666,2,0.16666666666666666
98.0,12,9,0.75,5,150.0,745,640.0226183077488,8,0.6666666666666666,2,0.16666666666666666
98.0,12,9,0.75,5,150.0,746,640.8817090705779,8,0.6666666666666666,2,0.16666666666666666
98.0,12,9,0.75,5,150.0,747,641.7407998334071,8,0.6666666666666666,2,0.16666666666666666
98.0,12,9,0.75,5,150.0,748,642.5998905962364,8,0.6666666666666666,2,0.16666666666666666
98.0,12,9,0.75,5,150.0,749,643.4589813590655,8,0.6666666666666666,2,0.16666666666666666
98.0,12,9,0.75,5,150.0,750,644.3180721218947,8,0.6666666666666666,2,0.16666666666666666
98.0,12,9,0.75,5,150.0,751,645.1771628847239,8,0.6666666666666666,2,0.16666666666666666
98.0,12,9,0.75,5,150.0,752,646.036253647553,8,0.6666666666666666,2,0.16666666666666666
98.0,12,9,0.75,5,150.0,753,646.8953444103823,8,0.6666666666666666,2,0.16666666666666666
98.0,12,9,0.75,5,150.0,754,647.7544351732115,8,0.6666666666666666,2,0.16666666666666666
98.0,12,9,0.75,5,150.0,755,648.6135259360407,8,0.6666666666666666,2,0.16666666666666666
98.0,12,9,0.75,5,150.0,756,649.4726166988698,7,0.5833333333333334,4,0.3333333333333333
98.0,12,9,0.75,5,150.0,757,650.331707461699,7,0.5833333333333334,4,0.3333333333333333
98.0,12,9,0.75,5,150.0,758,651.1907982245283,7,0.5833333333333334,4,0.3333333333333333
98.0,12,9,0.75,5,150.0,759,652.0498889873575,7,0.5833333333333334,4,0.3333333333333333
98.0,12,9,0.75,5,150.0,760,652.9089797501866,7,0.5833333333333334,4,0.3333333333333333
98.0,12,9,0.75,5,150.0,761,653.7680705130158,7,0.5833333333333334,4,0.3333333333333333
98.0,12,9,0.75,5,150.0,762,654.627161275845,7,0.5833333333333334,4,0.3333333333333333
98.0,12,9,0.75,5,150.0,763,655.4862520386743,7,0.5833333333333334,4,0.3333333333333333
98.0,12,9,0.75,5,150.0,764,656.3453428015034,7,0.5833333333333334,4,0.3333333333333333
98.0,12,9,0.75,5,150.0,765,657.2044335643326,7,0.5833333333333334,4,0.3333333333333333
98.0,12,9,0.75,5,150.0,766,658.0635243271618,7,0.5833333333333334,4,0.3333333333333333
98.0,12,9,0.75,5,150.0,767,658.922615089991,7,0.5833333333333334,4,0.3333333333333333
98.0,12,9,0.75,5,150.0,768,659.7817058528202,7,0.5833333333333334,4,0.3333333333333333
98.0,12,9,0.75,5,150.0,769,660.6407966156494,7,0.5833333333333334,4,0.3333333333333333
98.0,12,9,0.75,5,150.0,770,661.4998873784785,7,0.5833333333333334,4,0.3333333333333333
98.0,12,9,0.75,5,150.0,771,662.3589781413077,7,0.5833333333333334,4,0.3333333333333333
98.0,12,9,0.75,5,150.0,772,663.218068904137,7,0.5833333333333334,4,0.3333333333333333
98.0,12,9,0.75,5,150.0,773,664.0771596669662,7,0.5833333333333334,4,0.3333333333333333
98.0,12,9,0.75,5,150.0,774,664.9362504297953,7,0.5833333333333334,4,0.3333333333333333
98.0,12,9,0.75,5,150.0,775,665.7953411926245,7,0.5833333333333334,4,0.3333333333333333
98.0,12,9,0.75,5,150.0,776,666.6544319554537,7,0.5833333333333334,4,0.3333333333333333
98.0,12,9,0.75,5,150.0,777,667.513522718283,7,0.5833333333333334,4,0.3333333333333333
98.0,12,9,0.75,5,150.0,778,668.3726134811121,7,0.5833333333333334,4,0.3333333333333333
98.0,12,9,0.75,5,150.0,779,669.2317042439413,7,0.5833333333333334,4,0.3333333333333333
98.0,12,9,0.75,5,150.0,780,670.0907950067705,7,0.5833333333333334,4,0.3333333333333333
98.0,12,9,0.75,5,150.0,781,670.9498857695997,7,0.5833333333333334,4,0.3333333333333333
98.0,12,9,0.75,5,150.0,782,671.8089765324289,7,0.5833333333333334,4,0.3333333333333333
98.0,12,9,0.75,5,150.0,783,672.6680672952581,7,0.5833333333333334,4,0.3333333333333333
98.0,12,9,0.75,5,150.0,784,673.5271580580873,7,0.5833333333333334,4,0.3333333333333333
98.0,12,9,0.75,5,150.0,785,674.3862488209164,7,0.5833333333333334,4,0.3333333333333333
98.0,12,9,0.75,5,150.0,786,675.2453395837457,7,0.5833333333333334,4,0.3333333333333333
98.0,12,9,0.75,5,150.0,787,676.1044303465749,7,0.5833333333333334,4,0.3333333333333333
98.0,12,9,0.75,5,150.0,788,676.963521109404,7,0.5833333333333334,4,0.3333333333333333
98.0,12,9,0.75,5,150.0,789,677.8226118722332,7,0.5833333333333334,4,0.3333333333333333
98.0,12,9,0.75,5,150.0,790,678.6817026350624,7,0.5833333333333334,4,0.3333333333333333
98.0,12,9,0.75,5,150.0,791,679.5407933978917,7,0.5833333333333334,4,0.3333333333333333
98.0,12,9,0.75,5,150.0,792,680.3998841607208,7,0.5833333333333334,4,0.3333333333333333
98.0,12,9,0.75,5,150.0,793,681.25897492355,7,0.5833333333333334,4,0.3333333333333333
98.0,12,9,0.75,5,150.0,794,682.1180656863792,7,0.5833333333333334,4,0.3333333333333333
98.0,12,9,0.75,5,150.0,795,682.9771564492083,7,0.5833333333333334,4,0.3333333333333333
98.0,12,9,0.75,5,150.0,796,683.8362472120376,7,0.5833333333333334,4,0.3333333333333333
98.0,12,9,0.75,5,150.0,797,684.6953379748668,7,0.5833333333333334,4,0.3333333333333333
98.0,12,9,0.75,5,150.0,798,685.554428737696,7,0.5833333333333334,4,0.3333333333333333
98.0,12,9,0.75,5,150.0,799,686.4135195005251,7,0.5833333333333334,4,0.3333333333333333
98.0,12,9,0.75,5,150.0,800,687.2726102633544,7,0.5833333333333334,4,0.3333333333333333
98.0,12,9,0.75,5,150.0,801,688.1317010261836,7,0.5833333333333334,4,0.3333333333333333
98.0,12,9,0.75,5,150.0,802,688.9907917890127,7,0.5833333333333334,4,0.3333333333333333
98.0,12,9,0.75,5,150.0,803,689.8498825518419,7,0.5833333333333334,4,0.3333333333333333
98.0,12,9,0.75,5,150.0,804,690.7089733146711,7,0.5833333333333334,4,0.3333333333333333
98.0,12,9,0.75,5,150.0,805,691.5680640775004,7,0.5833333333333334,4,0.3333333333333333
98.0,12,9,0.75,5,150.0,806,692.4271548403295,7,0.5833333333333334,4,0.3333333333333333
98.0,12,9,0.75,5,150.0,807,693.2862456031587,7,0.5833333333333334,4,0.3333333333333333
98.0,12,9,0.75,5,150.0,808,694.1453363659879,7,0.5833333333333334,4,0.3333333333333333
98.0,12,9,0.75,5,150.0,809,695.004427128817,7,0.5833333333333334,4,0.3333333333333333
98.0,12,9,0.75,5,150.0,810,695.8635178916463,7,0.5833333333333334,4,0.3333333333333333
98.0,12,9,0.75,5,150.0,811,696.7226086544755,7,0.5833333333333334,4,0.3333333333333333
98.0,12,9,0.75,5,150.0,812,697.5816994173047,7,0.5833333333333334,4,0.3333333333333333
98.0,12,9,0.75,5,150.0,813,698.4407901801338,7,0.5833333333333334,4,0.3333333333333333
98.0,12,9,0.75,5,150.0,814,699.299880942963,7,0.5833333333333334,4,0.3333333333333333
98.0,12,9,0.75,5,150.0,815,700.1589717057923,7,0.5833333333333334,4,0.3333333333333333
98.0,12,9,0.75,5,150.0,816,701.0180624686215,7,0.5833333333333334,4,0.3333333333333333
98.0,12,9,0.75,5,150.0,817,701.8771532314506,7,0.5833333333333334,4,0.3333333333333333
98.0,12,9,0.75,5,150.0,818,702.7362439942798,7,0.5833333333333334,4,0.3333333333333333
98.0,12,9,0.75,5,150.0,819,703.5953347571091,7,0.5833333333333334,4,0.3333333333333333
98.0,12,9,0.75,5,150.0,820,704.4544255199382,7,0.5833333333333334,4,0.3333333333333333
98.0,12,9,0.75,5,150.0,821,705.3135162827674,7,0.5833333333333334,4,0.3333333333333333
98.0,12,9,0.75,5,150.0,822,706.1726070455966,7,0.5833333333333334,4,0.3333333333333333
98.0,12,9,0.75,5,150.0,823,707.0316978084257,7,0.5833333333333334,4,0.3333333333333333
98.0,12,9,0.75,5,150.0,824,707.890788571255,7,0.5833333333333334,4,0.3333333333333333
98.0,12,9,0.75,5,150.0,825,708.7498793340842,7,0.5833333333333334,4,0.3333333333333333
98.0,12,9,0.75,5,150.0,826,709.6089700969134,7,0.5833333333333334,4,0.3333333333333333
98.0,12,9,0.75,5,150.0,827,710.4680608597425,7,0.5833333333333334,4,0.3333333333333333
98.0,12,9,0.75,5,150.0,828,711.3271516225717,7,0.5833333333333334,4,0.3333333333333333
98.0,12,9,0.75,5,150.0,829,712.186242385401,7,0.5833333333333334,4,0.3333333333333333
98.0,12,9,0.75,5,150.0,830,713.0453331482302,7,0.5833333333333334,4,0.3333333333333333
98.0,12,9,0.75,5,150.0,831,713.9044239110593,7,0.5833333333333334,4,0.3333333333333333
98.0,12,9,0.75,5,150.0,832,714.7635146738885,7,0.5833333333333334,4,0.3333333333333333
98.0,12,9,0.75,5,150.0,833,715.6226054367178,7,0.5833333333333334,4,0.3333333333333333
98.0,12,9,0.75,5,150.0,834,716.481696199547,7,0.5833333333333334,4,0.3333333333333333
98.0,12,9,0.75,5,150.0,835,717.3407869623761,7,0.5833333333333334,4,0.3333333333333333
98.0,12,9,0.75,5,150.0,836,718.1998777252053,7,0.5833333333333334,4,0.3333333333333333
98.0,12,9,0.75,5,150.0,837,719.0589684880345,7,0.5833333333333334,4,0.3333333333333333
98.0,12,9,0.75,5,150.0,838,719.9180592508637,7,0.5833333333333334,4,0.3333333333333333
98.0,12,9,0.75,5,150.0,839,720.7771500136929,7,0.5833333333333334,4,0.3333333333333333
98.0,12,9,0.75,5,150.0,840,721.6362407765221,7,0.5833333333333334,4,0.3333333333333333
98.0,12,9,0.75,5,150.0,841,722.4953315393512,7,0.5833333333333334,4,0.3333333333333333
98.0,12,9,0.75,5,150.0,842,723.3544223021804,7,0.5833333333333334,4,0.3333333333333333
98.0,12,9,0.75,5,150.0,843,724.2135130650097,7,0.5833333333333334,4,0.3333333333333333
98.0,12,9,0.75,5,150.0,844,725.0726038278389,7,0.5833333333333334,4,0.3333333333333333
98.0,12,9,0.75,5,150.0,845,725.931694590668,7,0.5833333333333334,4,0.3333333333333333
98.0,12,9,0.75,5,150.0,846,726.7907853534972,7,0.5833333333333334,4,0.3333333333333333
98.0,12,9,0.75,5,150.0,847,727.6498761163264,7,0.5833333333333334,4,0.3333333333333333
98.0,12,9,0.75,5,150.0,848,728.5089668791557,7,0.5833333333333334,4,0.3333333333333333
98.0,12,9,0.75,5,150.0,849,729.3680576419848,7,0.5833333333333334,4,0.3333333333333333
98.0,12,9,0.75,5,150.0,850,730.227148404814,7,0.5833333333333334,4,0.3333333333333333
98.0,12,9,0.75,5,150.0,851,731.0862391676432,7,0.5833333333333334,4,0.3333333333333333
98.0,12,9,0.75,5,150.0,852,731.9453299304724,7,0.5833333333333334,4,0.3333333333333333
98.0,12,9,0.75,5,150.0,853,732.8044206933016,7,0.5833333333333334,4,0.3333333333333333
98.0,12,9,0.75,5,150.0,854,733.6635114561308,7,0.5833333333333334,4,0.3333333333333333
98.0,12,9,0.75,5,150.0,855,734.52260221896,7,0.5833333333333334,4,0.3333333333333333
98.0,12,9,0.75,5,150.0,856,735.3816929817891,7,0.5833333333333334,4,0.3333333333333333
98.0,12,9,0.75,5,150.0,857,736.2407837446184,7,0.5833333333333334,4,0.3333333333333333
98.0,12,9,0.75,5,150.0,858,737.0998745074476,7,0.5833333333333334,4,0.3333333333333333
98.0,12,9,0.75,5,150.0,859,737.9589652702767,7,0.5833333333333334,4,0.3333333333333333
98.0,12,9,0.75,5,150.0,860,738.8180560331059,7,0.5833333333333334,4,0.3333333333333333
98.0,12,9,0.75,5,150.0,861,739.6771467959351,7,0.5833333333333334,4,0.3333333333333333
98.0,12,9,0.75,5,150.0,862,740.5362375587644,7,0.5833333333333334,4,0.3333333333333333
98.0,12,9,0.75,5,150.0,863,741.3953283215935,7,0.5833333333333334,4,0.3333333333333333
98.0,12,9,0.75,5,150.0,864,742.2544190844227,7,0.5833333333333334,4,0.3333333333333333
98.0,12,9,0.75,5,150.0,865,743.1135098472519,7,0.5833333333333334,4,0.3333333333333333
98.0,12,9,0.75,5,150.0,866,743.9726006100811,7,0.5833333333333334,4,0.3333333333333333
98.0,12,9,0.75,5,150.0,867,744.8316913729103,7,0.5833333333333334,4,0.3333333333333333
98.0,12,9,0.75,5,150.0,868,745.6907821357395,7,0.5833333333333334,4,0.3333333333333333
98.0,12,9,0.75,5,150.0,869,746.5498728985687,7,0.5833333333333334,4,0.3333333333333333
98.0,12,9,0.75,5,150.0,870,747.4089636613978,7,0.5833333333333334,4,0.3333333333333333
98.0,12,9,0.75,5,150.0,871,748.2680544242271,7,0.5833333333333334,4,0.3333333333333333
98.0,12,9,0.75,5,150.0,872,749.1271451870563,7,0.5833333333333334,4,0.3333333333333333
98.0,12,9,0.75,5,150.0,873,749.9862359498854,7,0.5833333333333334,4,0.3333333333333333
98.0,12,9,0.75,5,150.0,874,750.8453267127146,7,0.5833333333333334,4,0.3333333333333333
98.0,12,9,0.75,5,150.0,875,751.7044174755438,7,0.5833333333333334,4,0.3333333333333333
98.0,12,9,0.75,5,150.0,876,752.5635082383731,7,0.5833333333333334,4,0.3333333333333333
98.0,12,9,0.75,5,150.0,877,753.4225990012022,7,0.5833333333333334,4,0.3333333333333333
98.0,12,9,0.75,5,150.0,878,754.2816897640314,7,0.5833333333333334,4,0.3333333333333333
98.0,12,9,0.75,5,150.0,879,755.1407805268606,7,0.5833333333333334,4,0.3333333333333333
98.0,12,9,0.75,5,150.0,880,755.9998712896897,7,0.5833333333333334,4,0.3333333333333333
98.0,12,9,0.75,5,150.0,881,756.858962052519,7,0.5833333333333334,4,0.3333333333333333
98.0,12,9,0.75,5,150.0,882,757.7180528153482,7,0.5833333333333334,4,0.3333333333333333
98.0,12,9,0.75,5,150.0,883,758.5771435781774,7,0.5833333333333334,4,0.3333333333333333
98.0,12,9,0.75,5,150.0,884,759.4362343410065,7,0.5833333333333334,4,0.3333333333333333
98.0,12,9,0.75,5,150.0,885,760.2953251038358,7,0.5833333333333334,4,0.3333333333333333
98.0,12,9,0.75,5,150.0,886,761.154415866665,7,0.5833333333333334,4,0.3333333333333333
98.0,12,9,0.75,5,150.0,887,762.0135066294941,7,0.5833333333333334,4,0.3333333333333333
98.0,12,9,0.75,5,150.0,888,762.8725973923233,7,0.5833333333333334,4,0.3333333333333333
98.0,12,9,0.75,5,150.0,889,763.7316881551525,7,0.5833333333333334,4,0.3333333333333333
98.0,12,9,0.75,5,150.0,890,764.5907789179818,7,0.5833333333333334,4,0.3333333333333333
98.0,12,9,0.75,5,150.0,891,765.4498696808109,7,0.5833333333333334,4,0.3333333333333333
98.0,12,9,0.75,5,150.0,892,766.3089604436401,7,0.5833333333333334,4,0.3333333333333333
98.0,12,9,0.75,5,150.0,893,767.1680512064693,7,0.5833333333333334,4,0.3333333333333333
98.0,12,9,0.75,5,150.0,894,768.0271419692984,7,0.5833333333333334,4,0.3333333333333333
98.0,12,9,0.75,5,150.0,895,768.8862327321277,7,0.5833333333333334,4,0.3333333333333333
98.0,12,9,0.75,5,150.0,896,769.7453234949569,7,0.5833333333333334,4,0.3333333333333333
98.0,12,9,0.75,5,150.0,897,770.6044142577861,7,0.5833333333333334,4,0.3333333333333333
98.0,12,9,0.75,5,150.0,898,771.4635050206152,7,0.5833333333333334,4,0.3333333333333333
98.0,12,9,0.75,5,150.0,899,772.3225957834445,7,0.5833333333333334,4,0.3333333333333333
98.0,12,9,0.75,5,150.0,900,773.1816865462737,7,0.5833333333333334,4,0.3333333333333333
98.0,12,9,0.75,5,150.0,901,774.0407773091029,7,0.5833333333333334,4,0.3333333333333333
98.0,12,9,0.75,5,150.0,902,774.899868071932,7,0.5833333333333334,4,0.3333333333333333
98.0,12,9,0.75,5,150.0,903,775.7589588347612,7,0.5833333333333334,4,0.3333333333333333
98.0,12,9,0.75,5,150.0,904,776.6180495975905,7,0.5833333333333334,4,0.3333333333333333
98.0,12,9,0.75,5,150.0,905,777.4771403604196,7,0.5833333333333334,4,0.3333333333333333
98.0,12,9,0.75,5,150.0,906,778.3362311232488,7,0.5833333333333334,4,0.3333333333333333
98.0,12,9,0.75,5,150.0,907,779.195321886078,7,0.5833333333333334,4,0.3333333333333333
98.0,12,9,0.75,5,150.0,908,780.0544126489071,7,0.5833333333333334,4,0.3333333333333333
98.0,12,9,0.75,5,150.0,909,780.9135034117364,7,0.5833333333333334,4,0.3333333333333333
98.0,12,9,0.75,5,150.0,910,781.7725941745656,7,0.5833333333333334,4,0.3333333333333333
98.0,12,9,0.75,5,150.0,911,782.6316849373948,7,0.5833333333333334,4,0.3333333333333333
98.0,12,9,0.75,5,150.0,912,783.4907757002239,7,0.5833333333333334,4,0.3333333333333333
98.0,12,9,0.75,5,150.0,913,784.3498664630531,7,0.5833333333333334,4,0.3333333333333333
98.0,12,9,0.75,5,150.0,914,785.2089572258824,7,0.5833333333333334,4,0.3333333333333333
98.0,12,9,0.75,5,150.0,915,786.0680479887116,8,0.6666666666666666,4,0.3333333333333333
98.0,12,9,0.75,5,150.0,916,786.9271387515407,8,0.6666666666666666,4,0.3333333333333333
98.0,12,9,0.75,5,150.0,917,787.7862295143699,8,0.6666666666666666,4,0.3333333333333333
98.0,12,9,0.75,5,150.0,918,788.6453202771992,8,0.6666666666666666,4,0.3333333333333333
98.0,12,9,0.75,5,150.0,919,789.5044110400283,8,0.6666666666666666,4,0.3333333333333333
98.0,12,9,0.75,5,150.0,920,790.3635018028575,8,0.6666666666666666,4,0.3333333333333333
98.0,12,9,0.75,5,150.0,921,791.2225925656867,8,0.6666666666666666,4,0.3333333333333333
98.0,12,9,0.75,5,150.0,922,792.0816833285159,8,0.6666666666666666,4,0.3333333333333333
98.0,12,9,0.75,5,150.0,923,792.9407740913451,8,0.6666666666666666,4,0.3333333333333333
98.0,12,9,0.75,5,150.0,924,793.7998648541743,8,0.6666666666666666,4,0.3333333333333333
98.0,12,9,0.75,5,150.0,925,794.6589556170035,8,0.6666666666666666,4,0.3333333333333333
98.0,12,9,0.75,5,150.0,926,795.5180463798326,8,0.6666666666666666,4,0.3333333333333333
98.0,12,9,0.75,5,150.0,927,796.3771371426618,8,0.6666666666666666,4,0.3333333333333333
98.0,12,9,0.75,5,150.0,928,797.2362279054911,8,0.6666666666666666,4,0.3333333333333333
98.0,12,9,0.75,5,150.0,929,798.0953186683203,8,0.6666666666666666,4,0.3333333333333333
98.0,12,9,0.75,5,150.0,930,798.9544094311494,8,0.6666666666666666,4,0.3333333333333333
98.0,12,9,0.75,5,150.0,931,799.8135001939786,8,0.6666666666666666,4,0.3333333333333333
98.0,12,9,0.75,5,150.0,932,800.6725909568079,8,0.6666666666666666,4,0.3333333333333333
98.0,12,9,0.75,5,150.0,933,801.531681719637,8,0.6666666666666666,4,0.3333333333333333
98.0,12,9,0.75,5,150.0,934,802.3907724824662,8,0.6666666666666666,4,0.3333333333333333
98.0,12,9,0.75,5,150.0,935,803.2498632452954,8,0.6666666666666666,4,0.3333333333333333
98.0,12,9,0.75,5,150.0,936,804.1089540081246,8,0.6666666666666666,4,0.3333333333333333
98.0,12,9,0.75,5,150.0,937,804.9680447709538,8,0.6666666666666666,4,0.3333333333333333
98.0,12,9,0.75,5,150.0,938,805.827135533783,8,0.6666666666666666,4,0.3333333333333333
98.0,12,9,0.75,5,150.0,939,806.6862262966122,8,0.6666666666666666,4,0.3333333333333333
98.0,12,9,0.75,5,150.0,940,807.5453170594413,8,0.6666666666666666,4,0.3333333333333333
98.0,12,9,0.75,5,150.0,941,808.4044078222705,8,0.6666666666666666,4,0.3333333333333333
98.0,12,9,0.75,5,150.0,942,809.2634985850998,8,0.6666666666666666,4,0.3333333333333333
98.0,12,9,0.75,5,150.0,943,810.122589347929,8,0.6666666666666666,4,0.3333333333333333
98.0,12,9,0.75,5,150.0,944,810.9816801107581,8,0.6666666666666666,4,0.3333333333333333
98.0,12,9,0.75,5,150.0,945,811.8407708735873,8,0.6666666666666666,4,0.3333333333333333
98.0,12,9,0.75,5,150.0,946,812.6998616364165,8,0.6666666666666666,4,0.3333333333333333
98.0,12,9,0.75,5,150.0,947,813.5589523992458,8,0.6666666666666666,4,0.3333333333333333
98.0,12,9,0.75,5,150.0,948,814.4180431620749,8,0.6666666666666666,4,0.3333333333333333
98.0,12,9,0.75,5,150.0,949,815.2771339249041,8,0.6666666666666666,4,0.3333333333333333
98.0,12,9,0.75,5,150.0,950,816.1362246877333,8,0.6666666666666666,4,0.3333333333333333
98.0,12,9,0.75,5,150.0,951,816.9953154505625,8,0.6666666666666666,4,0.3333333333333333
98.0,12,9,0.75,5,150.0,952,817.8544062133917,8,0.6666666666666666,4,0.3333333333333333
98.0,12,9,0.75,5,150.0,953,818.7134969762209,8,0.6666666666666666,4,0.3333333333333333
98.0,12,9,0.75,5,150.0,954,819.57258773905,8,0.6666666666666666,4,0.3333333333333333
98.0,12,9,0.75,5,150.0,955,820.4316785018792,8,0.6666666666666666,4,0.3333333333333333
98.0,12,9,0.75,5,150.0,956,821.2907692647085,8,0.6666666666666666,4,0.3333333333333333
98.0,12,9,0.75,5,150.0,957,822.1498600275377,8,0.6666666666666666,4,0.3333333333333333
98.0,12,9,0.75,5,150.0,958,823.0089507903668,8,0.6666666666666666,4,0.3333333333333333
98.0,12,9,0.75,5,150.0,959,823.868041553196,8,0.6666666666666666,4,0.3333333333333333
98.0,12,9,0.75,5,150.0,960,824.7271323160252,8,0.6666666666666666,4,0.3333333333333333
98.0,12,9,0.75,5,150.0,961,825.5862230788545,8,0.6666666666666666,4,0.3333333333333333
98.0,12,9,0.75,5,150.0,962,826.4453138416836,8,0.6666666666666666,4,0.3333333333333333
98.0,12,9,0.75,5,150.0,963,827.3044046045128,8,0.6666666666666666,4,0.3333333333333333
98.0,12,9,0.75,5,150.0,964,828.163495367342,8,0.6666666666666666,4,0.3333333333333333
98.0,12,9,0.75,5,150.0,965,829.0225861301711,8,0.6666666666666666,4,0.3333333333333333
98.0,12,9,0.75,5,150.0,966,829.8816768930004,8,0.6666666666666666,4,0.3333333333333333
98.0,12,9,0.75,5,150.0,967,830.7407676558296,8,0.6666666666666666,4,0.3333333333333333
98.0,12,9,0.75,5,150.0,968,831.5998584186588,8,0.6666666666666666,4,0.3333333333333333
98.0,12,9,0.75,5,150.0,969,832.4589491814879,8,0.6666666666666666,4,0.3333333333333333
98.0,12,9,0.75,5,150.0,970,833.3180399443172,8,0.6666666666666666,4,0.3333333333333333
98.0,12,9,0.75,5,150.0,971,834.1771307071464,8,0.6666666666666666,4,0.3333333333333333
98.0,12,9,0.75,5,150.0,972,835.0362214699755,8,0.6666666666666666,4,0.3333333333333333
98.0,12,9,0.75,5,150.0,973,835.8953122328047,8,0.6666666666666666,4,0.3333333333333333
98.0,12,9,0.75,5,150.0,974,836.7544029956339,8,0.6666666666666666,4,0.3333333333333333
98.0,12,9,0.75,5,150.0,975,837.6134937584632,8,0.6666666666666666,4,0.3333333333333333
98.0,12,9,0.75,5,150.0,976,838.4725845212923,8,0.6666666666666666,4,0.3333333333333333
98.0,12,9,0.75,5,150.0,977,839.3316752841215,8,0.6666666666666666,4,0.3333333333333333
98.0,12,9,0.75,5,150.0,978,840.1907660469507,8,0.6666666666666666,4,0.3333333333333333
98.0,12,9,0.75,5,150.0,979,841.0498568097798,8,0.6666666666666666,4,0.3333333333333333
98.0,12,9,0.75,5,150.0,980,841.9089475726091,8,0.6666666666666666,4,0.3333333333333333
98.0,12,9,0.75,5,150.0,981,842.7680383354383,8,0.6666666666666666,4,0.3333333333333333
98.0,12,9,0.75,5,150.0,982,843.6271290982675,8,0.6666666666666666,4,0.3333333333333333
98.0,12,9,0.75,5,150.0,983,844.4862198610966,8,0.6666666666666666,4,0.3333333333333333
98.0,12,9,0.75,5,150.0,984,845.3453106239259,8,0.6666666666666666,4,0.3333333333333333
98.0,12,9,0.75,5,150.0,985,846.2044013867551,8,0.6666666666666666,4,0.3333333333333333
98.0,12,9,0.75,5,150.0,986,847.0634921495842,8,0.6666666666666666,4,0.3333333333333333
98.0,12,9,0.75,5,150.0,987,847.9225829124134,8,0.6666666666666666,4,0.3333333333333333
98.0,12,9,0.75,5,150.0,988,848.7816736752426,8,0.6666666666666666,4,0.3333333333333333
98.0,12,9,0.75,5,150.0,989,849.6407644380719,8,0.6666666666666666,4,0.3333333333333333
98.0,12,9,0.75,5,150.0,990,850.499855200901,8,0.6666666666666666,4,0.3333333333333333
98.0,12,9,0.75,5,150.0,991,851.3589459637302,8,0.6666666666666666,4,0.3333333333333333
98.0,12,9,0.75,5,150.0,992,852.2180367265594,8,0.6666666666666666,4,0.3333333333333333
98.0,12,9,0.75,5,150.0,993,853.0771274893885,8,0.6666666666666666,4,0.3333333333333333
98.0,12,9,0.75,5,150.0,994,853.9362182522178,8,0.6666666666666666,4,0.3333333333333333
98.0,12,9,0.75,5,150.0,995,854.795309015047,8,0.6666666666666666,4,0.3333333333333333
98.0,12,9,0.75,5,150.0,996,855.6543997778762,8,0.6666666666666666,4,0.3333333333333333
98.0,12,9,0.75,5,150.0,997,856.5134905407053,8,0.6666666666666666,4,0.3333333333333333
98.0,12,9,0.75,5,150.0,998,857.3725813035345,8,0.6666666666666666,4,0.3333333333333333
98.0,12,9,0.75,5,150.0,999,858.2316720663638,8,0.6666666666666666,4,0.3333333333333333
98.0,12,9,0.75,5,150.0,1000,859.090762829193,7,0.5833333333333334,4,0.3333333333333333
98.0,12,9,0.75,5,150.0,1001,859.9498535920221,7,0.5833333333333334,4,0.3333333333333333
98.0,12,9,0.75,5,150.0,1002,860.8089443548513,7,0.5833333333333334,4,0.3333333333333333
98.0,12,9,0.75,5,150.0,1003,861.6680351176806,7,0.5833333333333334,4,0.3333333333333333
98.0,12,9,0.75,5,150.0,1004,862.5271258805097,7,0.5833333333333334,4,0.3333333333333333
98.0,12,9,0.75,5,150.0,1005,863.3862166433389,7,0.5833333333333334,4,0.3333333333333333
98.0,12,9,0.75,5,150.0,1006,864.2453074061681,6,0.5,5,0.4166666666666667
98.0,12,9,0.75,5,150.0,1007,865.1043981689972,6,0.5,5,0.4166666666666667
98.0,12,9,0.75,5,150.0,1008,865.9634889318265,6,0.5,5,0.4166666666666667
98.0,12,9,0.75,5,150.0,1009,866.8225796946557,6,0.5,5,0.4166666666666667
98.0,12,9,0.75,5,150.0,1010,867.6816704574849,6,0.5,5,0.4166666666666667
98.0,12,9,0.75,5,150.0,1011,868.540761220314,6,0.5,5,0.4166666666666667
98.0,12,9,0.75,5,150.0,1012,869.3998519831432,6,0.5,5,0.4166666666666667
98.0,12,9,0.75,5,150.0,1013,870.2589427459725,6,0.5,5,0.4166666666666667
98.0,12,9,0.75,5,150.0,1014,871.1180335088017,6,0.5,5,0.4166666666666667
98.0,12,9,0.75,5,150.0,1015,871.9771242716308,6,0.5,5,0.4166666666666667
98.0,12,9,0.75,5,150.0,1016,872.83621503446,5,0.4166666666666667,6,0.5
98.0,12,9,0.75,5,150.0,1017,873.6953057972893,5,0.4166666666666667,6,0.5
98.0,12,9,0.75,5,150.0,1018,874.5543965601184,5,0.4166666666666667,6,0.5
98.0,12,9,0.75,5,150.0,1019,875.4134873229476,5,0.4166666666666667,6,0.5
98.0,12,9,0.75,5,150.0,1020,876.2725780857768,5,0.4166666666666667,6,0.5
98.0,12,9,0.75,5,150.0,1021,877.131668848606,5,0.4166666666666667,6,0.5
98.0,12,9,0.75,5,150.0,1022,877.9907596114352,5,0.4166666666666667,6,0.5
98.0,12,9,0.75,5,150.0,1023,878.8498503742644,5,0.4166666666666667,6,0.5
98.0,12,9,0.75,5,150.0,1024,879.7089411370936,5,0.4166666666666667,6,0.5
98.0,12,9,0.75,5,150.0,1025,880.5680318999227,5,0.4166666666666667,6,0.5
98.0,12,9,0.75,5,150.0,1026,881.4271226627519,5,0.4166666666666667,6,0.5
98.0,12,9,0.75,5,150.0,1027,882.2862134255812,5,0.4166666666666667,6,0.5
98.0,12,9,0.75,5,150.0,1028,883.1453041884104,5,0.4166666666666667,6,0.5
98.0,12,9,0.75,5,150.0,1029,884.0043949512395,5,0.4166666666666667,6,0.5
98.0,12,9,0.75,5,150.0,1030,884.8634857140687,5,0.4166666666666667,6,0.5
98.0,12,9,0.75,5,150.0,1031,885.7225764768979,5,0.4166666666666667,6,0.5
98.0,12,9,0.75,5,150.0,1032,886.5816672397272,5,0.4166666666666667,6,0.5
98.0,12,9,0.75,5,150.0,1033,887.4407580025563,5,0.4166666666666667,6,0.5
98.0,12,9,0.75,5,150.0,1034,888.2998487653855,5,0.4166666666666667,6,0.5
98.0,12,9,0.75,5,150.0,1035,889.1589395282147,5,0.4166666666666667,6,0.5
98.0,12,9,0.75,5,150.0,1036,890.0180302910439,5,0.4166666666666667,6,0.5
98.0,12,9,0.75,5,150.0,1037,890.8771210538731,5,0.4166666666666667,6,0.5
98.0,12,9,0.75,5,150.0,1038,891.7362118167023,5,0.4166666666666667,6,0.5
98.0,12,9,0.75,5,150.0,1039,892.5953025795314,5,0.4166666666666667,6,0.5
98.0,12,9,0.75,5,150.0,1040,893.4543933423606,5,0.4166666666666667,6,0.5
98.0,12,9,0.75,5,150.0,1041,894.3134841051899,5,0.4166666666666667,6,0.5
98.0,12,9,0.75,5,150.0,1042,895.1725748680191,5,0.4166666666666667,6,0.5
98.0,12,9,0.75,5,150.0,1043,896.0316656308482,5,0.4166666666666667,6,0.5
98.0,12,9,0.75,5,150.0,1044,896.8907563936774,5,0.4166666666666667,6,0.5
98.0,12,9,0.75,5,150.0,1045,897.7498471565066,5,0.4166666666666667,6,0.5
98.0,12,9,0.75,5,150.0,1046,898.6089379193359,5,0.4166666666666667,6,0.5
98.0,12,9,0.75,5,150.0,1047,899.468028682165,5,0.4166666666666667,6,0.5
98.0,12,9,0.75,5,150.0,1048,900.3271194449942,5,0.4166666666666667,6,0.5
98.0,12,9,0.75,5,150.0,1049,901.1862102078234,5,0.4166666666666667,6,0.5
98.0,12,9,0.75,5,150.0,1050,902.0453009706526,5,0.4166666666666667,6,0.5
98.0,12,9,0.75,5,150.0,1051,902.9043917334818,5,0.4166666666666667,6,0.5
98.0,12,9,0.75,5,150.0,1052,903.763482496311,5,0.4166666666666667,6,0.5
98.0,12,9,0.75,5,150.0,1053,904.6225732591402,5,0.4166666666666667,6,0.5
98.0,12,9,0.75,5,150.0,1054,905.4816640219693,5,0.4166666666666667,6,0.5
98.0,12,9,0.75,5,150.0,1055,906.3407547847986,5,0.4166666666666667,6,0.5
98.0,12,9,0.75,5,150.0,1056,907.1998455476278,5,0.4166666666666667,6,0.5
98.0,12,9,0.75,5,150.0,1057,908.0589363104569,5,0.4166666666666667,6,0.5
98.0,12,9,0.75,5,150.0,1058,908.9180270732861,5,0.4166666666666667,6,0.5
98.0,12,9,0.75,5,150.0,1059,909.7771178361153,5,0.4166666666666667,6,0.5
98.0,12,9,0.75,5,150.0,1060,910.6362085989446,5,0.4166666666666667,6,0.5
98.0,12,9,0.75,5,150.0,1061,911.4952993617737,5,0.4166666666666667,6,0.5
98.0,12,9,0.75,5,150.0,1062,912.3543901246029,5,0.4166666666666667,6,0.5
98.0,12,9,0.75,5,150.0,1063,913.2134808874321,5,0.4166666666666667,6,0.5
98.0,12,9,0.75,5,150.0,1064,914.0725716502612,5,0.4166666666666667,6,0.5
98.0,12,9,0.75,5,150.0,1065,914.9316624130905,5,0.4166666666666667,6,0.5
98.0,12,9,0.75,5,150.0,1066,915.7907531759197,5,0.4166666666666667,6,0.5
98.0,12,9,0.75,5,150.0,1067,916.6498439387489,5,0.4166666666666667,6,0.5
98.0,12,9,0.75,5,150.0,1068,917.508934701578,5,0.4166666666666667,6,0.5
98.0,12,9,0.75,5,150.0,1069,918.3680254644073,5,0.4166666666666667,6,0.5
98.0,12,9,0.75,5,150.0,1070,919.2271162272365,5,0.4166666666666667,6,0.5
98.0,12,9,0.75,5,150.0,1071,920.0862069900656,5,0.4166666666666667,6,0.5
98.0,12,9,0.75,5,150.0,1072,920.9452977528948,5,0.4166666666666667,6,0.5
98.0,12,9,0.75,5,150.0,1073,921.804388515724,5,0.4166666666666667,6,0.5
98.0,12,9,0.75,5,150.0,1074,922.6634792785533,5,0.4166666666666667,6,0.5
98.0,12,9,0.75,5,150.0,1075,923.5225700413824,5,0.4166666666666667,6,0.5
98.0,12,9,0.75,5,150.0,1076,924.3816608042116,5,0.4166666666666667,6,0.5
98.0,12,9,0.75,5,150.0,1077,925.2407515670408,5,0.4166666666666667,6,0.5
98.0,12,9,0.75,5,150.0,1078,926.09984232987,5,0.4166666666666667,6,0.5
98.0,12,9,0.75,5,150.0,1079,926.9589330926992,5,0.4166666666666667,6,0.5
98.0,12,9,0.75,5,150.0,1080,927.8180238555284,5,0.4166666666666667,6,0.5
98.0,12,9,0.75,5,150.0,1081,928.6771146183576,5,0.4166666666666667,6,0.5
98.0,12,9,0.75,5,150.0,1082,929.5362053811867,5,0.4166666666666667,6,0.5
98.0,12,9,0.75,5,150.0,1083,930.395296144016,5,0.4166666666666667,6,0.5
98.0,12,9,0.75,5,150.0,1084,931.2543869068452,5,0.4166666666666667,6,0.5
98.0,12,9,0.75,5,150.0,1085,932.1134776696744,5,0.4166666666666667,6,0.5
98.0,12,9,0.75,5,150.0,1086,932.9725684325035,5,0.4166666666666667,6,0.5
98.0,12,9,0.75,5,150.0,1087,933.8316591953327,5,0.4166666666666667,6,0.5
98.0,12,9,0.75,5,150.0,1088,934.690749958162,5,0.4166666666666667,6,0.5
98.0,12,9,0.75,5,150.0,1089,935.5498407209911,5,0.4166666666666667,6,0.5
98.0,12,9,0.75,5,150.0,1090,936.4089314838203,5,0.4166666666666667,6,0.5
98.0,12,9,0.75,5,150.0,1091,937.2680222466495,5,0.4166666666666667,6,0.5
98.0,12,9,0.75,5,150.0,1092,938.1271130094786,5,0.4166666666666667,6,0.5
98.0,12,9,0.75,5,150.0,1093,938.9862037723079,5,0.4166666666666667,6,0.5
98.0,12,9,0.75,5,150.0,1094,939.8452945351371,5,0.4166666666666667,6,0.5
98.0,12,9,0.75,5,150.0,1095,940.7043852979663,5,0.4166666666666667,6,0.5
98.0,12,9,0.75,5,150.0,1096,941.5634760607954,5,0.4166666666666667,6,0.5
98.0,12,9,0.75,5,150.0,1097,942.4225668236246,5,0.4166666666666667,6,0.5
98.0,12,9,0.75,5,150.0,1098,943.2816575864539,5,0.4166666666666667,6,0.5
98.0,12,9,0.75,5,150.0,1099,944.1407483492831,5,0.4166666666666667,6,0.5
98.0,12,9,0.75,5,150.0,1100,944.9998391121122,5,0.4166666666666667,6,0.5
98.0,12,9,0.75,5,150.0,1101,945.8589298749414,5,0.4166666666666667,6,0.5
98.0,12,9,0.75,5,150.0,1102,946.7180206377707,5,0.4166666666666667,6,0.5
98.0,12,9,0.75,5,150.0,1103,947.5771114005998,5,0.4166666666666667,6,0.5
98.0,12,9,0.75,5,150.0,1104,948.436202163429,5,0.4166666666666667,6,0.5
98.0,12,9,0.75,5,150.0,1105,949.2952929262582,5,0.4166666666666667,6,0.5
98.0,12,9,0.75,5,150.0,1106,950.1543836890874,5,0.4166666666666667,6,0.5
98.0,12,9,0.75,5,150.0,1107,951.0134744519166,5,0.4166666666666667,6,0.5
98.0,12,9,0.75,5,150.0,1108,951.8725652147458,5,0.4166666666666667,6,0.5
98.0,12,9,0.75,5,150.0,1109,952.731655977575,5,0.4166666666666667,6,0.5
98.0,12,9,0.75,5,150.0,1110,953.5907467404041,5,0.4166666666666667,6,0.5
98.0,12,9,0.75,5,150.0,1111,954.4498375032333,5,0.4166666666666667,6,0.5
98.0,12,9,0.75,5,150.0,1112,955.3089282660626,5,0.4166666666666667,6,0.5
98.0,12,9,0.75,5,150.0,1113,956.1680190288918,5,0.4166666666666667,6,0.5
98.0,12,9,0.75,5,150.0,1114,957.0271097917209,5,0.4166666666666667,6,0.5
98.0,12,9,0.75,5,150.0,1115,957.8862005545501,5,0.4166666666666667,6,0.5
98.0,12,9,0.75,5,150.0,1116,958.7452913173793,5,0.4166666666666667,6,0.5
98.0,12,9,0.75,5,150.0,1117,959.6043820802086,5,0.4166666666666667,6,0.5
98.0,12,9,0.75,5,150.0,1118,960.4634728430377,5,0.4166666666666667,6,0.5
98.0,12,9,0.75,5,150.0,1119,961.3225636058669,5,0.4166666666666667,6,0.5
98.0,12,9,0.75,5,150.0,1120,962.1816543686961,5,0.4166666666666667,6,0.5
98.0,12,9,0.75,5,150.0,1121,963.0407451315253,5,0.4166666666666667,6,0.5
98.0,12,9,0.75,5,150.0,1122,963.8998358943545,5,0.4166666666666667,6,0.5
98.0,12,9,0.75,5,150.0,1123,964.7589266571837,5,0.4166666666666667,6,0.5
98.0,12,9,0.75,5,150.0,1124,965.6180174200128,5,0.4166666666666667,6,0.5
98.0,12,9,0.75,5,150.0,1125,966.477108182842,5,0.4166666666666667,6,0.5
98.0,12,9,0.75,5,150.0,1126,967.3361989456713,5,0.4166666666666667,6,0.5
98.0,12,9,0.75,5,150.0,1127,968.1952897085005,5,0.4166666666666667,6,0.5
98.0,12,9,0.75,5,150.0,1128,969.0543804713296,5,0.4166666666666667,6,0.5
98.0,12,9,0.75,5,150.0,1129,969.9134712341588,5,0.4166666666666667,6,0.5
98.0,12,9,0.75,5,150.0,1130,970.772561996988,5,0.4166666666666667,6,0.5
98.0,12,9,0.75,5,150.0,1131,971.6316527598173,5,0.4166666666666667,6,0.5
98.0,12,9,0.75,5,150.0,1132,972.4907435226464,5,0.4166666666666667,6,0.5
98.0,12,9,0.75,5,150.0,1133,973.3498342854756,5,0.4166666666666667,6,0.5
98.0,12,9,0.75,5,150.0,1134,974.2089250483048,5,0.4166666666666667,6,0.5
98.0,12,9,0.75,5,150.0,1135,975.068015811134,5,0.4166666666666667,6,0.5
98.0,12,9,0.75,5,150.0,1136,975.9271065739632,5,0.4166666666666667,6,0.5
98.0,12,9,0.75,5,150.0,1137,976.7861973367924,5,0.4166666666666667,6,0.5
98.0,12,9,0.75,5,150.0,1138,977.6452880996216,5,0.4166666666666667,6,0.5
98.0,12,9,0.75,5,150.0,1139,978.5043788624507,5,0.4166666666666667,6,0.5
98.0,12,9,0.75,5,150.0,1140,979.36346962528,5,0.4166666666666667,6,0.5
98.0,12,9,0.75,5,150.0,1141,980.2225603881092,5,0.4166666666666667,6,0.5
98.0,12,9,0.75,5,150.0,1142,981.0816511509383,5,0.4166666666666667,6,0.5
98.0,12,9,0.75,5,150.0,1143,981.9407419137675,5,0.4166666666666667,6,0.5
98.0,12,9,0.75,5,150.0,1144,982.7998326765967,5,0.4166666666666667,6,0.5
98.0,12,9,0.75,5,150.0,1145,983.658923439426,5,0.4166666666666667,6,0.5
98.0,12,9,0.75,5,150.0,1146,984.5180142022551,5,0.4166666666666667,6,0.5
98.0,12,9,0.75,5,150.0,1147,985.3771049650843,5,0.4166666666666667,6,0.5
98.0,12,9,0.75,5,150.0,1148,986.2361957279135,5,0.4166666666666667,6,0.5
98.0,12,9,0.75,5,150.0,1149,987.0952864907426,5,0.4166666666666667,6,0.5
98.0,12,9,0.75,5,150.0,1150,987.9543772535719,5,0.4166666666666667,6,0.5
98.0,12,9,0.75,5,150.0,1151,988.8134680164011,5,0.4166666666666667,6,0.5
98.0,12,9,0.75,5,150.0,1152,989.6725587792303,5,0.4166666666666667,6,0.5
98.0,12,9,0.75,5,150.0,1153,990.5316495420594,5,0.4166666666666667,6,0.5
98.0,12,9,0.75,5,150.0,1154,991.3907403048887,5,0.4166666666666667,6,0.5
98.0,12,9,0.75,5,150.0,1155,992.2498310677179,5,0.4166666666666667,6,0.5
98.0,12,9,0.75,5,150.0,1156,993.108921830547,5,0.4166666666666667,6,0.5
98.0,12,9,0.75,5,150.0,1157,993.9680125933762,5,0.4166666666666667,6,0.5
98.0,12,9,0.75,5,150.0,1158,994.8271033562054,5,0.4166666666666667,6,0.5
98.0,12,9,0.75,5,150.0,1159,995.6861941190347,5,0.4166666666666667,6,0.5
98.0,12,9,0.75,5,150.0,1160,996.5452848818638,5,0.4166666666666667,6,0.5
98.0,12,9,0.75,5,150.0,1161,997.404375644693,5,0.4166666666666667,6,0.5
98.0,12,9,0.75,5,150.0,1162,998.2634664075222,5,0.4166666666666667,6,0.5
98.0,12,9,0.75,5,150.0,1163,999.1225571703513,5,0.4166666666666667,6,0.5
98.0,12,9,0.75,5,150.0,1164,999.9816479331806,5,0.4166666666666667,6,0.5
98.0,12,9,0.75,5,150.0,1165,1000.8407386960098,5,0.4166666666666667,6,0.5
98.0,12,9,0.75,5,150.0,1166,1001.699829458839,5,0.4166666666666667,6,0.5
98.0,12,9,0.75,5,150.0,1167,1002.5589202216681,5,0.4166666666666667,6,0.5
98.0,12,9,0.75,5,150.0,1168,1003.4180109844974,5,0.4166666666666667,6,0.5
98.0,12,9,0.75,5,150.0,1169,1004.2771017473266,5,0.4166666666666667,6,0.5
98.0,12,9,0.75,5,150.0,1170,1005.1361925101558,5,0.4166666666666667,6,0.5
98.0,12,9,0.75,5,150.0,1171,1005.9952832729849,5,0.4166666666666667,6,0.5
98.0,12,9,0.75,5,150.0,1172,1006.8543740358141,5,0.4166666666666667,6,0.5
98.0,12,9,0.75,5,150.0,1173,1007.7134647986434,5,0.4166666666666667,6,0.5
98.0,12,9,0.75,5,150.0,1174,1008.5725555614725,5,0.4166666666666667,6,0.5
98.0,12,9,0.75,5,150.0,1175,1009.4316463243017,5,0.4166666666666667,6,0.5
98.0,12,9,0.75,5,150.0,1176,1010.2907370871309,5,0.4166666666666667,6,0.5
98.0,12,9,0.75,5,150.0,1177,1011.14982784996,5,0.4166666666666667,6,0.5
98.0,12,9,0.75,5,150.0,1178,1012.0089186127893,5,0.4166666666666667,6,0.5
98.0,12,9,0.75,5,150.0,1179,1012.8680093756185,5,0.4166666666666667,6,0.5
98.0,12,9,0.75,5,150.0,1180,1013.7271001384477,5,0.4166666666666667,6,0.5
98.0,12,9,0.75,5,150.0,1181,1014.5861909012768,5,0.4166666666666667,6,0.5
98.0,12,9,0.75,5,150.0,1182,1015.445281664106,5,0.4166666666666667,6,0.5
98.0,12,9,0.75,5,150.0,1183,1016.3043724269353,5,0.4166666666666667,6,0.5
98.0,12,9,0.75,5,150.0,1184,1017.1634631897645,5,0.4166666666666667,6,0.5
98.0,12,9,0.75,5,150.0,1185,1018.0225539525936,5,0.4166666666666667,6,0.5
98.0,12,9,0.75,5,150.0,1186,1018.8816447154228,5,0.4166666666666667,6,0.5
98.0,12,9,0.75,5,150.0,1187,1019.7407354782521,5,0.4166666666666667,6,0.5
98.0,12,9,0.75,5,150.0,1188,1020.5998262410812,5,0.4166666666666667,6,0.5
98.0,12,9,0.75,5,150.0,1189,1021.4589170039104,5,0.4166666666666667,6,0.5
98.0,12,9,0.75,5,150.0,1190,1022.3180077667396,5,0.4166666666666667,6,0.5
98.0,12,9,0.75,5,150.0,1191,1023.1770985295688,5,0.4166666666666667,6,0.5
98.0,12,9,0.75,5,150.0,1192,1024.036189292398,5,0.4166666666666667,6,0.5
98.0,12,9,0.75,5,150.0,1193,1024.8952800552272,6,0.5,3,0.25
98.0,12,9,0.75,5,150.0,1194,1025.7543708180565,6,0.5,3,0.25
98.0,12,9,0.75,5,150.0,1195,1026.6134615808855,6,0.5,3,0.25
98.0,12,9,0.75,5,150.0,1196,1027.4725523437148,5,0.4166666666666667,4,0.3333333333333333
98.0,12,9,0.75,5,150.0,1197,1028.3316431065439,5,0.4166666666666667,4,0.3333333333333333
98.0,12,9,0.75,5,150.0,1198,1029.1907338693732,5,0.4166666666666667,4,0.3333333333333333
98.0,12,9,0.75,5,150.0,1199,1030.0498246322024,5,0.4166666666666667,4,0.3333333333333333
98.0,12,9,0.75,5,150.0,1200,1030.9089153950315,5,0.4166666666666667,4,0.3333333333333333
98.0,12,9,0.75,5,150.0,1201,1031.7680061578608,5,0.4166666666666667,4,0.3333333333333333
98.0,12,9,0.75,5,150.0,1202,1032.6270969206898,5,0.4166666666666667,4,0.3333333333333333
98.0,12,9,0.75,5,150.0,1203,1033.4861876835191,5,0.4166666666666667,4,0.3333333333333333
98.0,12,9,0.75,5,150.0,1204,1034.3452784463484,5,0.4166666666666667,4,0.3333333333333333
98.0,12,9,0.75,5,150.0,1205,1035.2043692091775,5,0.4166666666666667,4,0.3333333333333333
98.0,12,9,0.75,5,150.0,1206,1036.0634599720067,5,0.4166666666666667,4,0.3333333333333333
98.0,12,9,0.75,5,150.0,1207,1036.9225507348358,5,0.4166666666666667,4,0.3333333333333333
98.0,12,9,0.75,5,150.0,1208,1037.781641497665,5,0.4166666666666667,4,0.3333333333333333
98.0,12,9,0.75,5,150.0,1209,1038.6407322604944,5,0.4166666666666667,4,0.3333333333333333
98.0,12,9,0.75,5,150.0,1210,1039.4998230233234,5,0.4166666666666667,4,0.3333333333333333
98.0,12,9,0.75,5,150.0,1211,1040.3589137861527,5,0.4166666666666667,4,0.3333333333333333
98.0,12,9,0.75,5,150.0,1212,1041.2180045489818,5,0.4166666666666667,4,0.3333333333333333
98.0,12,9,0.75,5,150.0,1213,1042.077095311811,5,0.4166666666666667,4,0.3333333333333333
98.0,12,9,0.75,5,150.0,1214,1042.9361860746403,5,0.4166666666666667,4,0.3333333333333333
98.0,12,9,0.75,5,150.0,1215,1043.7952768374694,5,0.4166666666666667,4,0.3333333333333333
98.0,12,9,0.75,5,150.0,1216,1044.6543676002987,5,0.4166666666666667,4,0.3333333333333333
98.0,12,9,0.75,5,150.0,1217,1045.5134583631277,5,0.4166666666666667,4,0.3333333333333333
98.0,12,9,0.75,5,150.0,1218,1046.372549125957,5,0.4166666666666667,4,0.3333333333333333
98.0,12,9,0.75,5,150.0,1219,1047.2316398887863,5,0.4166666666666667,4,0.3333333333333333
98.0,12,9,0.75,5,150.0,1220,1048.0907306516153,5,0.4166666666666667,4,0.3333333333333333
98.0,12,9,0.75,5,150.0,1221,1048.9498214144446,5,0.4166666666666667,4,0.3333333333333333
98.0,12,9,0.75,5,150.0,1222,1049.8089121772737,5,0.4166666666666667,4,0.3333333333333333
98.0,12,9,0.75,5,150.0,1223,1050.668002940103,5,0.4166666666666667,4,0.3333333333333333
98.0,12,9,0.75,5,150.0,1224,1051.5270937029322,5,0.4166666666666667,4,0.3333333333333333
98.0,12,9,0.75,5,150.0,1225,1052.3861844657613,5,0.4166666666666667,4,0.3333333333333333
98.0,12,9,0.75,5,150.0,1226,1053.2452752285906,5,0.4166666666666667,4,0.3333333333333333
98.0,12,9,0.75,5,150.0,1227,1054.1043659914199,5,0.4166666666666667,4,0.3333333333333333
98.0,12,9,0.75,5,150.0,1228,1054.963456754249,5,0.4166666666666667,4,0.3333333333333333
98.0,12,9,0.75,5,150.0,1229,1055.8225475170782,5,0.4166666666666667,4,0.3333333333333333
98.0,12,9,0.75,5,150.0,1230,1056.6816382799072,5,0.4166666666666667,4,0.3333333333333333
98.0,12,9,0.75,5,150.0,1231,1057.5407290427365,5,0.4166666666666667,4,0.3333333333333333
98.0,12,9,0.75,5,150.0,1232,1058.3998198055658,5,0.4166666666666667,4,0.3333333333333333
98.0,12,9,0.75,5,150.0,1233,1059.2589105683949,5,0.4166666666666667,4,0.3333333333333333
98.0,12,9,0.75,5,150.0,1234,1060.1180013312241,5,0.4166666666666667,4,0.3333333333333333
98.0,12,9,0.75,5,150.0,1235,1060.9770920940532,5,0.4166666666666667,4,0.3333333333333333
98.0,12,9,0.75,5,150.0,1236,1061.8361828568825,5,0.4166666666666667,4,0.3333333333333333
98.0,12,9,0.75,5,150.0,1237,1062.6952736197118,5,0.4166666666666667,4,0.3333333333333333
98.0,12,9,0.75,5,150.0,1238,1063.5543643825408,5,0.4166666666666667,4,0.3333333333333333
98.0,12,9,0.75,5,150.0,1239,1064.41345514537,5,0.4166666666666667,4,0.3333333333333333
98.0,12,9,0.75,5,150.0,1240,1065.2725459081992,5,0.4166666666666667,4,0.3333333333333333
98.0,12,9,0.75,5,150.0,1241,1066.1316366710284,5,0.4166666666666667,4,0.3333333333333333
98.0,12,9,0.75,5,150.0,1242,1066.9907274338577,5,0.4166666666666667,4,0.3333333333333333
98.0,12,9,0.75,5,150.0,1243,1067.8498181966868,5,0.4166666666666667,4,0.3333333333333333
98.0,12,9,0.75,5,150.0,1244,1068.708908959516,5,0.4166666666666667,4,0.3333333333333333
98.0,12,9,0.75,5,150.0,1245,1069.5679997223451,5,0.4166666666666667,4,0.3333333333333333
98.0,12,9,0.75,5,150.0,1246,1070.4270904851744,5,0.4166666666666667,4,0.3333333333333333
98.0,12,9,0.75,5,150.0,1247,1071.2861812480037,5,0.4166666666666667,4,0.3333333333333333
98.0,12,9,0.75,5,150.0,1248,1072.1452720108327,5,0.4166666666666667,4,0.3333333333333333
98.0,12,9,0.75,5,150.0,1249,1073.004362773662,6,0.5,4,0.3333333333333333
98.0,12,9,0.75,5,150.0,1250,1073.863453536491,6,0.5,4,0.3333333333333333
98.0,12,9,0.75,5,150.0,1251,1074.7225442993204,6,0.5,4,0.3333333333333333
98.0,12,9,0.75,5,150.0,1252,1075.5816350621496,6,0.5,4,0.3333333333333333
98.0,12,9,0.75,5,150.0,1253,1076.4407258249787,6,0.5,4,0.3333333333333333
98.0,12,9,0.75,5,150.0,1254,1077.299816587808,6,0.5,4,0.3333333333333333
98.0,12,9,0.75,5,150.0,1255,1078.158907350637,6,0.5,4,0.3333333333333333
98.0,12,9,0.75,5,150.0,1256,1079.0179981134663,6,0.5,4,0.3333333333333333
98.0,12,9,0.75,5,150.0,1257,1079.8770888762956,6,0.5,4,0.3333333333333333
98.0,12,9,0.75,5,150.0,1258,1080.7361796391247,6,0.5,4,0.3333333333333333
98.0,12,9,0.75,5,150.0,1259,1081.595270401954,6,0.5,4,0.3333333333333333
98.0,12,9,0.75,5,150.0,1260,1082.4543611647832,6,0.5,4,0.3333333333333333
98.0,12,9,0.75,5,150.0,1261,1083.3134519276123,6,0.5,4,0.3333333333333333
98.0,12,9,0.75,5,150.0,1262,1084.1725426904416,6,0.5,4,0.3333333333333333
98.0,12,9,0.75,5,150.0,1263,1085.0316334532706,6,0.5,4,0.3333333333333333
98.0,12,9,0.75,5,150.0,1264,1085.8907242161,6,0.5,4,0.3333333333333333
98.0,12,9,0.75,5,150.0,1265,1086.7498149789292,6,0.5,4,0.3333333333333333
98.0,12,9,0.75,5,150.0,1266,1087.6089057417582,6,0.5,4,0.3333333333333333
98.0,12,9,0.75,5,150.0,1267,1088.4679965045875,6,0.5,4,0.3333333333333333
98.0,12,9,0.75,5,150.0,1268,1089.3270872674166,6,0.5,4,0.3333333333333333
98.0,12,9,0.75,5,150.0,1269,1090.1861780302459,6,0.5,4,0.3333333333333333
98.0,12,9,0.75,5,150.0,1270,1091.0452687930751,6,0.5,4,0.3333333333333333
98.0,12,9,0.75,5,150.0,1271,1091.9043595559042,6,0.5,4,0.3333333333333333
98.0,12,9,0.75,5,150.0,1272,1092.7634503187335,6,0.5,4,0.3333333333333333
98.0,12,9,0.75,5,150.0,1273,1093.6225410815625,6,0.5,4,0.3333333333333333
98.0,12,9,0.75,5,150.0,1274,1094.4816318443918,6,0.5,4,0.3333333333333333
98.0,12,9,0.75,5,150.0,1275,1095.340722607221,6,0.5,4,0.3333333333333333
98.0,12,9,0.75,5,150.0,1276,1096.1998133700502,6,0.5,4,0.3333333333333333
98.0,12,9,0.75,5,150.0,1277,1097.0589041328794,6,0.5,4,0.3333333333333333
98.0,12,9,0.75,5,150.0,1278,1097.9179948957085,6,0.5,4,0.3333333333333333
98.0,12,9,0.75,5,150.0,1279,1098.7770856585378,6,0.5,4,0.3333333333333333
98.0,12,9,0.75,5,150.0,1280,1099.636176421367,6,0.5,4,0.3333333333333333
98.0,12,9,0.75,5,150.0,1281,1100.495267184196,6,0.5,4,0.3333333333333333
98.0,12,9,0.75,5,150.0,1282,1101.3543579470254,5,0.4166666666666667,5,0.4166666666666667
98.0,12,9,0.75,5,150.0,1283,1102.2134487098544,5,0.4166666666666667,5,0.4166666666666667
98.0,12,9,0.75,5,150.0,1284,1103.0725394726837,5,0.4166666666666667,5,0.4166666666666667
98.0,12,9,0.75,5,150.0,1285,1103.931630235513,5,0.4166666666666667,5,0.4166666666666667
98.0,12,9,0.75,5,150.0,1286,1104.790720998342,5,0.4166666666666667,5,0.4166666666666667
98.0,12,9,0.75,5,150.0,1287,1105.6498117611713,5,0.4166666666666667,5,0.4166666666666667
98.0,12,9,0.75,5,150.0,1288,1106.5089025240004,5,0.4166666666666667,5,0.4166666666666667
98.0,12,9,0.75,5,150.0,1289,1107.3679932868297,5,0.4166666666666667,5,0.4166666666666667
98.0,12,9,0.75,5,150.0,1290,1108.227084049659,5,0.4166666666666667,5,0.4166666666666667
98.0,12,9,0.75,5,150.0,1291,1109.086174812488,5,0.4166666666666667,5,0.4166666666666667
98.0,12,9,0.75,5,150.0,1292,1109.9452655753173,5,0.4166666666666667,5,0.4166666666666667
98.0,12,9,0.75,5,150.0,1293,1110.8043563381466,5,0.4166666666666667,5,0.4166666666666667
98.0,12,9,0.75,5,150.0,1294,1111.6634471009756,5,0.4166666666666667,5,0.4166666666666667
98.0,12,9,0.75,5,150.0,1295,1112.522537863805,5,0.4166666666666667,5,0.4166666666666667
98.0,12,9,0.75,5,150.0,1296,1113.381628626634,5,0.4166666666666667,5,0.4166666666666667
98.0,12,9,0.75,5,150.0,1297,1114.2407193894633,5,0.4166666666666667,5,0.4166666666666667
98.0,12,9,0.75,5,150.0,1298,1115.0998101522925,5,0.4166666666666667,5,0.4166666666666667
98.0,12,9,0.75,5,150.0,1299,1115.9589009151216,5,0.4166666666666667,5,0.4166666666666667
98.0,12,9,0.75,5,150.0,1300,1116.8179916779509,5,0.4166666666666667,5,0.4166666666666667
98.0,12,9,0.75,5,150.0,1301,1117.67708244078,5,0.4166666666666667,5,0.4166666666666667
98.0,12,9,0.75,5,150.0,1302,1118.5361732036092,5,0.4166666666666667,5,0.4166666666666667
98.0,12,9,0.75,5,150.0,1303,1119.3952639664385,5,0.4166666666666667,5,0.4166666666666667
98.0,12,9,0.75,5,150.0,1304,1120.2543547292676,5,0.4166666666666667,5,0.4166666666666667
98.0,12,9,0.75,5,150.0,1305,1121.1134454920968,5,0.4166666666666667,5,0.4166666666666667
98.0,12,9,0.75,5,150.0,1306,1121.972536254926,5,0.4166666666666667,5,0.4166666666666667
98.0,12,9,0.75,5,150.0,1307,1122.8316270177552,5,0.4166666666666667,5,0.4166666666666667
98.0,12,9,0.75,5,150.0,1308,1123.6907177805845,5,0.4166666666666667,5,0.4166666666666667
98.0,12,9,0.75,5,150.0,1309,1124.5498085434135,5,0.4166666666666667,5,0.4166666666666667
98.0,12,9,0.75,5,150.0,1310,1125.4088993062428,5,0.4166666666666667,5,0.4166666666666667
98.0,12,9,0.75,5,150.0,1311,1126.2679900690719,5,0.4166666666666667,5,0.4166666666666667
98.0,12,9,0.75,5,150.0,1312,1127.1270808319011,4,0.3333333333333333,5,0.4166666666666667
98.0,12,9,0.75,5,150.0,1313,1127.9861715947304,4,0.3333333333333333,5,0.4166666666666667
98.0,12,9,0.75,5,150.0,1314,1128.8452623575595,4,0.3333333333333333,5,0.4166666666666667
98.0,12,9,0.75,5,150.0,1315,1129.7043531203888,4,0.3333333333333333,5,0.4166666666666667
98.0,12,9,0.75,5,150.0,1316,1130.5634438832178,4,0.3333333333333333,5,0.4166666666666667
98.0,12,9,0.75,5,150.0,1317,1131.422534646047,4,0.3333333333333333,5,0.4166666666666667
98.0,12,9,0.75,5,150.0,1318,1132.2816254088764,4,0.3333333333333333,5,0.4166666666666667
98.0,12,9,0.75,5,150.0,1319,1133.1407161717054,4,0.3333333333333333,5,0.4166666666666667
98.0,12,9,0.75,5,150.0,1320,1133.9998069345347,4,0.3333333333333333,5,0.4166666666666667
98.0,12,9,0.75,5,150.0,1321,1134.8588976973638,4,0.3333333333333333,5,0.4166666666666667
98.0,12,9,0.75,5,150.0,1322,1135.717988460193,4,0.3333333333333333,5,0.4166666666666667
98.0,12,9,0.75,5,150.0,1323,1136.5770792230223,4,0.3333333333333333,5,0.4166666666666667
98.0,12,9,0.75,5,150.0,1324,1137.4361699858514,4,0.3333333333333333,5,0.4166666666666667
98.0,12,9,0.75,5,150.0,1325,1138.2952607486807,4,0.3333333333333333,5,0.4166666666666667
98.0,12,9,0.75,5,150.0,1326,1139.1543515115097,4,0.3333333333333333,5,0.4166666666666667
98.0,12,9,0.75,5,150.0,1327,1140.013442274339,4,0.3333333333333333,5,0.4166666666666667
98.0,12,9,0.75,5,150.0,1328,1140.8725330371683,4,0.3333333333333333,5,0.4166666666666667
98.0,12,9,0.75,5,150.0,1329,1141.7316237999974,4,0.3333333333333333,5,0.4166666666666667
98.0,12,9,0.75,5,150.0,1330,1142.5907145628266,4,0.3333333333333333,5,0.4166666666666667
98.0,12,9,0.75,5,150.0,1331,1143.449805325656,4,0.3333333333333333,5,0.4166666666666667
98.0,12,9,0.75,5,150.0,1332,1144.308896088485,4,0.3333333333333333,5,0.4166666666666667
98.0,12,9,0.75,5,150.0,1333,1145.1679868513143,4,0.3333333333333333,5,0.4166666666666667
98.0,12,9,0.75,5,150.0,1334,1146.0270776141433,4,0.3333333333333333,5,0.4166666666666667
98.0,12,9,0.75,5,150.0,1335,1146.8861683769726,4,0.3333333333333333,5,0.4166666666666667
98.0,12,9,0.75,5,150.0,1336,1147.7452591398019,4,0.3333333333333333,5,0.4166666666666667
98.0,12,9,0.75,5,150.0,1337,1148.604349902631,4,0.3333333333333333,5,0.4166666666666667
98.0,12,9,0.75,5,150.0,1338,1149.4634406654602,4,0.3333333333333333,5,0.4166666666666667
98.0,12,9,0.75,5,150.0,1339,1150.3225314282893,4,0.3333333333333333,5,0.4166666666666667
98.0,12,9,0.75,5,150.0,1340,1151.1816221911185,4,0.3333333333333333,5,0.4166666666666667
98.0,12,9,0.75,5,150.0,1341,1152.0407129539478,4,0.3333333333333333,5,0.4166666666666667
98.0,12,9,0.75,5,150.0,1342,1152.899803716777,4,0.3333333333333333,5,0.4166666666666667
98.0,12,9,0.75,5,150.0,1343,1153.7588944796062,4,0.3333333333333333,5,0.4166666666666667
98.0,12,9,0.75,5,150.0,1344,1154.6179852424352,4,0.3333333333333333,5,0.4166666666666667
98.0,12,9,0.75,5,150.0,1345,1155.4770760052645,4,0.3333333333333333,5,0.4166666666666667
98.0,12,9,0.75,5,150.0,1346,1156.3361667680938,4,0.3333333333333333,5,0.4166666666666667
98.0,12,9,0.75,5,150.0,1347,1157.1952575309228,4,0.3333333333333333,5,0.4166666666666667
98.0,12,9,0.75,5,150.0,1348,1158.0543482937521,4,0.3333333333333333,5,0.4166666666666667
98.0,12,9,0.75,5,150.0,1349,1158.9134390565812,4,0.3333333333333333,5,0.4166666666666667
98.0,12,9,0.75,5,150.0,1350,1159.7725298194105,4,0.3333333333333333,5,0.4166666666666667
98.0,12,9,0.75,5,150.0,1351,1160.6316205822397,4,0.3333333333333333,5,0.4166666666666667
98.0,12,9,0.75,5,150.0,1352,1161.4907113450688,4,0.3333333333333333,5,0.4166666666666667
98.0,12,9,0.75,5,150.0,1353,1162.349802107898,4,0.3333333333333333,5,0.4166666666666667
98.0,12,9,0.75,5,150.0,1354,1163.2088928707271,4,0.3333333333333333,5,0.4166666666666667
98.0,12,9,0.75,5,150.0,1355,1164.0679836335564,4,0.3333333333333333,5,0.4166666666666667
98.0,12,9,0.75,5,150.0,1356,1164.9270743963857,4,0.3333333333333333,5,0.4166666666666667
98.0,12,9,0.75,5,150.0,1357,1165.7861651592148,4,0.3333333333333333,5,0.4166666666666667
98.0,12,9,0.75,5,150.0,1358,1166.645255922044,4,0.3333333333333333,5,0.4166666666666667
98.0,12,9,0.75,5,150.0,1359,1167.504346684873,4,0.3333333333333333,5,0.4166666666666667
98.0,12,9,0.75,5,150.0,1360,1168.3634374477024,4,0.3333333333333333,5,0.4166666666666667
98.0,12,9,0.75,5,150.0,1361,1169.2225282105317,4,0.3333333333333333,5,0.4166666666666667
98.0,12,9,0.75,5,150.0,1362,1170.0816189733607,4,0.3333333333333333,5,0.4166666666666667
98.0,12,9,0.75,5,150.0,1363,1170.94070973619,4,0.3333333333333333,5,0.4166666666666667
98.0,12,9,0.75,5,150.0,1364,1171.7998004990193,4,0.3333333333333333,5,0.4166666666666667
98.0,12,9,0.75,5,150.0,1365,1172.6588912618483,4,0.3333333333333333,5,0.4166666666666667
98.0,12,9,0.75,5,150.0,1366,1173.5179820246776,4,0.3333333333333333,5,0.4166666666666667
98.0,12,9,0.75,5,150.0,1367,1174.3770727875067,4,0.3333333333333333,5,0.4166666666666667
98.0,12,9,0.75,5,150.0,1368,1175.236163550336,4,0.3333333333333333,5,0.4166666666666667
98.0,12,9,0.75,5,150.0,1369,1176.0952543131652,4,0.3333333333333333,5,0.4166666666666667
98.0,12,9,0.75,5,150.0,1370,1176.9543450759943,4,0.3333333333333333,5,0.4166666666666667
98.0,12,9,0.75,5,150.0,1371,1177.8134358388236,4,0.3333333333333333,5,0.4166666666666667
98.0,12,9,0.75,5,150.0,1372,1178.6725266016526,4,0.3333333333333333,5,0.4166666666666667
98.0,12,9,0.75,5,150.0,1373,1179.531617364482,4,0.3333333333333333,5,0.4166666666666667
98.0,12,9,0.75,5,150.0,1374,1180.3907081273112,4,0.3333333333333333,5,0.4166666666666667
98.0,12,9,0.75,5,150.0,1375,1181.2497988901403,4,0.3333333333333333,5,0.4166666666666667
98.0,12,9,0.75,5,150.0,1376,1182.1088896529695,4,0.3333333333333333,5,0.4166666666666667
98.0,12,9,0.75,5,150.0,1377,1182.9679804157986,4,0.3333333333333333,5,0.4166666666666667
98.0,12,9,0.75,5,150.0,1378,1183.8270711786279,4,0.3333333333333333,5,0.4166666666666667
98.0,12,9,0.75,5,150.0,1379,1184.6861619414572,4,0.3333333333333333,5,0.4166666666666667
98.0,12,9,0.75,5,150.0,1380,1185.5452527042862,4,0.3333333333333333,5,0.4166666666666667
98.0,12,9,0.75,5,150.0,1381,1186.4043434671155,4,0.3333333333333333,5,0.4166666666666667
98.0,12,9,0.75,5,150.0,1382,1187.2634342299446,4,0.3333333333333333,5,0.4166666666666667
98.0,12,9,0.75,5,150.0,1383,1188.1225249927738,4,0.3333333333333333,5,0.4166666666666667
98.0,12,9,0.75,5,150.0,1384,1188.9816157556031,4,0.3333333333333333,5,0.4166666666666667
98.0,12,9,0.75,5,150.0,1385,1189.8407065184322,4,0.3333333333333333,5,0.4166666666666667
98.0,12,9,0.75,5,150.0,1386,1190.6997972812615,4,0.3333333333333333,5,0.4166666666666667
98.0,12,9,0.75,5,150.0,1387,1191.5588880440905,4,0.3333333333333333,5,0.4166666666666667
98.0,12,9,0.75,5,150.0,1388,1192.4179788069198,4,0.3333333333333333,5,0.4166666666666667
98.0,12,9,0.75,5,150.0,1389,1193.277069569749,4,0.3333333333333333,5,0.4166666666666667
98.0,12,9,0.75,5,150.0,1390,1194.1361603325781,4,0.3333333333333333,5,0.4166666666666667
98.0,12,9,0.75,5,150.0,1391,1194.9952510954074,4,0.3333333333333333,5,0.4166666666666667
98.0,12,9,0.75,5,150.0,1392,1195.8543418582365,4,0.3333333333333333,5,0.4166666666666667
98.0,12,9,0.75,5,150.0,1393,1196.7134326210657,4,0.3333333333333333,5,0.4166666666666667
98.0,12,9,0.75,5,150.0,1394,1197.572523383895,4,0.3333333333333333,5,0.4166666666666667
98.0,12,9,0.75,5,150.0,1395,1198.431614146724,4,0.3333333333333333,5,0.4166666666666667
98.0,12,9,0.75,5,150.0,1396,1199.2907049095534,4,0.3333333333333333,5,0.4166666666666667
98.0,12,9,0.75,5,150.0,1397,1200.1497956723827,4,0.3333333333333333,5,0.4166666666666667
98.0,12,9,0.75,5,150.0,1398,1201.0088864352117,4,0.3333333333333333,5,0.4166666666666667
98.0,12,9,0.75,5,150.0,1399,1201.867977198041,4,0.3333333333333333,5,0.4166666666666667
98.0,12,9,0.75,5,150.0,1400,1202.72706796087,4,0.3333333333333333,5,0.4166666666666667
98.0,12,9,0.75,5,150.0,1401,1203.5861587236993,4,0.3333333333333333,5,0.4166666666666667
98.0,12,9,0.75,5,150.0,1402,1204.4452494865286,4,0.3333333333333333,5,0.4166666666666667
98.0,12,9,0.75,5,150.0,1403,1205.3043402493577,4,0.3333333333333333,5,0.4166666666666667
98.0,12,9,0.75,5,150.0,1404,1206.163431012187,4,0.3333333333333333,5,0.4166666666666667
98.0,12,9,0.75,5,150.0,1405,1207.022521775016,4,0.3333333333333333,5,0.4166666666666667
98.0,12,9,0.75,5,150.0,1406,1207.8816125378453,4,0.3333333333333333,5,0.4166666666666667
98.0,12,9,0.75,5,150.0,1407,1208.7407033006746,4,0.3333333333333333,5,0.4166666666666667
98.0,12,9,0.75,5,150.0,1408,1209.5997940635036,4,0.3333333333333333,5,0.4166666666666667
98.0,12,9,0.75,5,150.0,1409,1210.458884826333,4,0.3333333333333333,5,0.4166666666666667
98.0,12,9,0.75,5,150.0,1410,1211.317975589162,4,0.3333333333333333,5,0.4166666666666667
98.0,12,9,0.75,5,150.0,1411,1212.1770663519912,4,0.3333333333333333,5,0.4166666666666667
98.0,12,9,0.75,5,150.0,1412,1213.0361571148205,4,0.3333333333333333,5,0.4166666666666667
98.0,12,9,0.75,5,150.0,1413,1213.8952478776496,4,0.3333333333333333,5,0.4166666666666667
98.0,12,9,0.75,5,150.0,1414,1214.7543386404789,4,0.3333333333333333,5,0.4166666666666667
98.0,12,9,0.75,5,150.0,1415,1215.613429403308,4,0.3333333333333333,5,0.4166666666666667
98.0,12,9,0.75,5,150.0,1416,1216.4725201661372,4,0.3333333333333333,5,0.4166666666666667
98.0,12,9,0.75,5,150.0,1417,1217.3316109289665,4,0.3333333333333333,5,0.4166666666666667
98.0,12,9,0.75,5,150.0,1418,1218.1907016917955,4,0.3333333333333333,5,0.4166666666666667
98.0,12,9,0.75,5,150.0,1419,1219.0497924546248,4,0.3333333333333333,5,0.4166666666666667
98.0,12,9,0.75,5,150.0,1420,1219.9088832174539,4,0.3333333333333333,5,0.4166666666666667
98.0,12,9,0.75,5,150.0,1421,1220.7679739802832,4,0.3333333333333333,5,0.4166666666666667
98.0,12,9,0.75,5,150.0,1422,1221.6270647431124,4,0.3333333333333333,5,0.4166666666666667
98.0,12,9,0.75,5,150.0,1423,1222.4861555059415,4,0.3333333333333333,5,0.4166666666666667
98.0,12,9,0.75,5,150.0,1424,1223.3452462687708,4,0.3333333333333333,5,0.4166666666666667
98.0,12,9,0.75,5,150.0,1425,1224.2043370315998,4,0.3333333333333333,5,0.4166666666666667
98.0,12,9,0.75,5,150.0,1426,1225.0634277944291,4,0.3333333333333333,5,0.4166666666666667
98.0,12,9,0.75,5,150.0,1427,1225.9225185572584,4,0.3333333333333333,5,0.4166666666666667
98.0,12,9,0.75,5,150.0,1428,1226.7816093200875,4,0.3333333333333333,5,0.4166666666666667
98.0,12,9,0.75,5,150.0,1429,1227.6407000829167,4,0.3333333333333333,5,0.4166666666666667
98.0,12,9,0.75,5,150.0,1430,1228.499790845746,4,0.3333333333333333,5,0.4166666666666667
98.0,12,9,0.75,5,150.0,1431,1229.358881608575,4,0.3333333333333333,5,0.4166666666666667
98.0,12,9,0.75,5,150.0,1432,1230.2179723714044,4,0.3333333333333333,5,0.4166666666666667
98.0,12,9,0.75,5,150.0,1433,1231.0770631342334,4,0.3333333333333333,5,0.4166666666666667
98.0,12,9,0.75,5,150.0,1434,1231.9361538970627,4,0.3333333333333333,5,0.4166666666666667
98.0,12,9,0.75,5,150.0,1435,1232.795244659892,4,0.3333333333333333,5,0.4166666666666667
98.0,12,9,0.75,5,150.0,1436,1233.654335422721,4,0.3333333333333333,5,0.4166666666666667
98.0,12,9,0.75,5,150.0,1437,1234.5134261855503,4,0.3333333333333333,5,0.4166666666666667
98.0,12,9,0.75,5,150.0,1438,1235.3725169483794,4,0.3333333333333333,5,0.4166666666666667
98.0,12,9,0.75,5,150.0,1439,1236.2316077112087,4,0.3333333333333333,5,0.4166666666666667
98.0,12,9,0.75,5,150.0,1440,1237.090698474038,4,0.3333333333333333,5,0.4166666666666667
98.0,12,9,0.75,5,150.0,1441,1237.949789236867,4,0.3333333333333333,5,0.4166666666666667
98.0,12,9,0.75,5,150.0,1442,1238.8088799996963,4,0.3333333333333333,5,0.4166666666666667
98.0,12,9,0.75,5,150.0,1443,1239.6679707625253,4,0.3333333333333333,5,0.4166666666666667
98.0,12,9,0.75,5,150.0,1444,1240.5270615253546,4,0.3333333333333333,5,0.4166666666666667
98.0,12,9,0.75,5,150.0,1445,1241.386152288184,4,0.3333333333333333,5,0.4166666666666667
98.0,12,9,0.75,5,150.0,1446,1242.245243051013,4,0.3333333333333333,5,0.4166666666666667
98.0,12,9,0.75,5,150.0,1447,1243.1043338138422,4,0.3333333333333333,5,0.4166666666666667
98.0,12,9,0.75,5,150.0,1448,1243.9634245766713,4,0.3333333333333333,5,0.4166666666666667
98.0,12,9,0.75,5,150.0,1449,1244.8225153395006,4,0.3333333333333333,5,0.4166666666666667
98.0,12,9,0.75,5,150.0,1450,1245.6816061023299,4,0.3333333333333333,5,0.4166666666666667
98.0,12,9,0.75,5,150.0,1451,1246.540696865159,4,0.3333333333333333,5,0.4166666666666667
98.0,12,9,0.75,5,150.0,1452,1247.3997876279882,4,0.3333333333333333,5,0.4166666666666667
98.0,12,9,0.75,5,150.0,1453,1248.2588783908172,4,0.3333333333333333,5,0.4166666666666667
98.0,12,9,0.75,5,150.0,1454,1249.1179691536465,4,0.3333333333333333,5,0.4166666666666667
98.0,12,9,0.75,5,150.0,1455,1249.9770599164758,4,0.3333333333333333,5,0.4166666666666667
98.0,12,9,0.75,5,150.0,1456,1250.8361506793049,4,0.3333333333333333,5,0.4166666666666667
98.0,12,9,0.75,5,150.0,1457,1251.6952414421341,4,0.3333333333333333,5,0.4166666666666667
98.0,12,9,0.75,5,150.0,1458,1252.5543322049632,4,0.3333333333333333,5,0.4166666666666667
98.0,12,9,0.75,5,150.0,1459,1253.4134229677925,4,0.3333333333333333,5,0.4166666666666667
98.0,12,9,0.75,5,150.0,1460,1254.2725137306218,4,0.3333333333333333,5,0.4166666666666667
98.0,12,9,0.75,5,150.0,1461,1255.1316044934508,4,0.3333333333333333,5,0.4166666666666667
98.0,12,9,0.75,5,150.0,1462,1255.99069525628,4,0.3333333333333333,5,0.4166666666666667
98.0,12,9,0.75,5,150.0,1463,1256.8497860191094,4,0.3333333333333333,5,0.4166666666666667
98.0,12,9,0.75,5,150.0,1464,1257.7088767819384,4,0.3333333333333333,5,0.4166666666666667
98.0,12,9,0.75,5,150.0,1465,1258.5679675447677,4,0.3333333333333333,5,0.4166666666666667
98.0,12,9,0.75,5,150.0,1466,1259.4270583075968,4,0.3333333333333333,5,0.4166666666666667
98.0,12,9,0.75,5,150.0,1467,1260.286149070426,4,0.3333333333333333,5,0.4166666666666667
98.0,12,9,0.75,5,150.0,1468,1261.1452398332553,4,0.3333333333333333,5,0.4166666666666667
98.0,12,9,0.75,5,150.0,1469,1262.0043305960844,4,0.3333333333333333,5,0.4166666666666667
98.0,12,9,0.75,5,150.0,1470,1262.8634213589137,4,0.3333333333333333,5,0.4166666666666667
98.0,12,9,0.75,5,150.0,1471,1263.7225121217427,4,0.3333333333333333,5,0.4166666666666667
98.0,12,9,0.75,5,150.0,1472,1264.581602884572,4,0.3333333333333333,5,0.4166666666666667
98.0,12,9,0.75,5,150.0,1473,1265.4406936474013,5,0.4166666666666667,5,0.4166666666666667
98.0,12,9,0.75,5,150.0,1474,1266.2997844102304,5,0.4166666666666667,5,0.4166666666666667
98.0,12,9,0.75,5,150.0,1475,1267.1588751730596,5,0.4166666666666667,5,0.4166666666666667
98.0,12,9,0.75,5,150.0,1476,1268.0179659358887,5,0.4166666666666667,5,0.4166666666666667
98.0,12,9,0.75,5,150.0,1477,1268.877056698718,5,0.4166666666666667,5,0.4166666666666667
98.0,12,9,0.75,5,150.0,1478,1269.7361474615473,5,0.4166666666666667,5,0.4166666666666667
98.0,12,9,0.75,5,150.0,1479,1270.5952382243763,5,0.4166666666666667,5,0.4166666666666667
98.0,12,9,0.75,5,150.0,1480,1271.4543289872056,5,0.4166666666666667,5,0.4166666666666667
98.0,12,9,0.75,5,150.0,1481,1272.3134197500347,5,0.4166666666666667,5,0.4166666666666667
98.0,12,9,0.75,5,150.0,1482,1273.172510512864,5,0.4166666666666667,5,0.4166666666666667
98.0,12,9,0.75,5,150.0,1483,1274.0316012756932,5,0.4166666666666667,5,0.4166666666666667
98.0,12,9,0.75,5,150.0,1484,1274.8906920385223,5,0.4166666666666667,5,0.4166666666666667
98.0,12,9,0.75,5,150.0,1485,1275.7497828013516,5,0.4166666666666667,5,0.4166666666666667
98.0,12,9,0.75,5,150.0,1486,1276.6088735641806,5,0.4166666666666667,5,0.4166666666666667
98.0,12,9,0.75,5,150.0,1487,1277.46796432701,5,0.4166666666666667,5,0.4166666666666667
98.0,12,9,0.75,5,150.0,1488,1278.3270550898392,5,0.4166666666666667,5,0.4166666666666667
98.0,12,9,0.75,5,150.0,1489,1279.1861458526682,5,0.4166666666666667,5,0.4166666666666667
98.0,12,9,0.75,5,150.0,1490,1280.0452366154975,5,0.4166666666666667,5,0.4166666666666667
98.0,12,9,0.75,5,150.0,1491,1280.9043273783266,5,0.4166666666666667,5,0.4166666666666667
98.0,12,9,0.75,5,150.0,1492,1281.7634181411559,5,0.4166666666666667,5,0.4166666666666667
98.0,12,9,0.75,5,150.0,1493,1282.6225089039851,5,0.4166666666666667,5,0.4166666666666667
98.0,12,9,0.75,5,150.0,1494,1283.4815996668142,5,0.4166666666666667,5,0.4166666666666667
98.0,12,9,0.75,5,150.0,1495,1284.3406904296435,5,0.4166666666666667,5,0.4166666666666667
98.0,12,9,0.75,5,150.0,1496,1285.1997811924728,5,0.4166666666666667,5,0.4166666666666667
98.0,12,9,0.75,5,150.0,1497,1286.0588719553018,5,0.4166666666666667,5,0.4166666666666667
98.0,12,9,0.75,5,150.0,1498,1286.917962718131,5,0.4166666666666667,5,0.4166666666666667
98.0,12,9,0.75,5,150.0,1499,1287.7770534809601,5,0.4166666666666667,5,0.4166666666666667
98.0,12,9,0.75,5,150.0,1500,1288.6361442437894,5,0.4166666666666667,5,0.4166666666666667
98.0,12,9,0.75,5,150.0,1501,1289.4952350066187,5,0.4166666666666667,5,0.4166666666666667
98.0,12,9,0.75,5,150.0,1502,1290.3543257694478,5,0.4166666666666667,5,0.4166666666666667
98.0,12,9,0.75,5,150.0,1503,1291.213416532277,5,0.4166666666666667,5,0.4166666666666667
98.0,12,9,0.75,5,150.0,1504,1292.072507295106,5,0.4166666666666667,5,0.4166666666666667
98.0,12,9,0.75,5,150.0,1505,1292.9315980579354,5,0.4166666666666667,5,0.4166666666666667
98.0,12,9,0.75,5,150.0,1506,1293.7906888207647,5,0.4166666666666667,5,0.4166666666666667
98.0,12,9,0.75,5,150.0,1507,1294.6497795835937,5,0.4166666666666667,5,0.4166666666666667
98.0,12,9,0.75,5,150.0,1508,1295.508870346423,5,0.4166666666666667,5,0.4166666666666667
98.0,12,9,0.75,5,150.0,1509,1296.367961109252,5,0.4166666666666667,5,0.4166666666666667
98.0,12,9,0.75,5,150.0,1510,1297.2270518720813,5,0.4166666666666667,5,0.4166666666666667
98.0,12,9,0.75,5,150.0,1511,1298.0861426349106,5,0.4166666666666667,5,0.4166666666666667
98.0,12,9,0.75,5,150.0,1512,1298.9452333977397,5,0.4166666666666667,5,0.4166666666666667
98.0,12,9,0.75,5,150.0,1513,1299.804324160569,5,0.4166666666666667,5,0.4166666666666667
98.0,12,9,0.75,5,150.0,1514,1300.663414923398,5,0.4166666666666667,5,0.4166666666666667
98.0,12,9,0.75,5,150.0,1515,1301.5225056862273,5,0.4166666666666667,5,0.4166666666666667
98.0,12,9,0.75,5,150.0,1516,1302.3815964490566,5,0.4166666666666667,5,0.4166666666666667
98.0,12,9,0.75,5,150.0,1517,1303.2406872118856,5,0.4166666666666667,5,0.4166666666666667
98.0,12,9,0.75,5,150.0,1518,1304.099777974715,5,0.4166666666666667,5,0.4166666666666667
98.0,12,9,0.75,5,150.0,1519,1304.958868737544,5,0.4166666666666667,5,0.4166666666666667
98.0,12,9,0.75,5,150.0,1520,1305.8179595003733,5,0.4166666666666667,5,0.4166666666666667
98.0,12,9,0.75,5,150.0,1521,1306.6770502632025,5,0.4166666666666667,5,0.4166666666666667
98.0,12,9,0.75,5,150.0,1522,1307.5361410260316,5,0.4166666666666667,5,0.4166666666666667
98.0,12,9,0.75,5,150.0,1523,1308.3952317888609,5,0.4166666666666667,5,0.4166666666666667
98.0,12,9,0.75,5,150.0,1524,1309.25432255169,5,0.4166666666666667,5,0.4166666666666667
98.0,12,9,0.75,5,150.0,1525,1310.1134133145192,5,0.4166666666666667,5,0.4166666666666667
98.0,12,9,0.75,5,150.0,1526,1310.9725040773485,5,0.4166666666666667,5,0.4166666666666667
98.0,12,9,0.75,5,150.0,1527,1311.8315948401776,5,0.4166666666666667,5,0.4166666666666667
98.0,12,9,0.75,5,150.0,1528,1312.6906856030068,5,0.4166666666666667,5,0.4166666666666667
98.0,12,9,0.75,5,150.0,1529,1313.5497763658361,5,0.4166666666666667,5,0.4166666666666667
98.0,12,9,0.75,5,150.0,1530,1314.4088671286652,5,0.4166666666666667,5,0.4166666666666667
98.0,12,9,0.75,5,150.0,1531,1315.2679578914945,5,0.4166666666666667,5,0.4166666666666667
98.0,12,9,0.75,5,150.0,1532,1316.1270486543235,5,0.4166666666666667,5,0.4166666666666667
98.0,12,9,0.75,5,150.0,1533,1316.9861394171528,5,0.4166666666666667,5,0.4166666666666667
98.0,12,9,0.75,5,150.0,1534,1317.845230179982,5,0.4166666666666667,5,0.4166666666666667
98.0,12,9,0.75,5,150.0,1535,1318.7043209428111,5,0.4166666666666667,5,0.4166666666666667
98.0,12,9,0.75,5,150.0,1536,1319.5634117056404,5,0.4166666666666667,5,0.4166666666666667
98.0,12,9,0.75,5,150.0,1537,1320.4225024684695,5,0.4166666666666667,5,0.4166666666666667
98.0,12,9,0.75,5,150.0,1538,1321.2815932312988,5,0.4166666666666667,5,0.4166666666666667
98.0,12,9,0.75,5,150.0,1539,1322.140683994128,5,0.4166666666666667,5,0.4166666666666667
98.0,12,9,0.75,5,150.0,1540,1322.999774756957,5,0.4166666666666667,5,0.4166666666666667
98.0,12,9,0.75,5,150.0,1541,1323.8588655197864,5,0.4166666666666667,5,0.4166666666666667
98.0,12,9,0.75,5,150.0,1542,1324.7179562826154,5,0.4166666666666667,5,0.4166666666666667
98.0,12,9,0.75,5,150.0,1543,1325.5770470454447,5,0.4166666666666667,5,0.4166666666666667
98.0,12,9,0.75,5,150.0,1544,1326.436137808274,5,0.4166666666666667,5,0.4166666666666667
98.0,12,9,0.75,5,150.0,1545,1327.295228571103,5,0.4166666666666667,5,0.4166666666666667
98.0,12,9,0.75,5,150.0,1546,1328.1543193339323,5,0.4166666666666667,5,0.4166666666666667
98.0,12,9,0.75,5,150.0,1547,1329.0134100967614,5,0.4166666666666667,5,0.4166666666666667
98.0,12,9,0.75,5,150.0,1548,1329.8725008595907,5,0.4166666666666667,5,0.4166666666666667
98.0,12,9,0.75,5,150.0,1549,1330.73159162242,5,0.4166666666666667,5,0.4166666666666667
98.0,12,9,0.75,5,150.0,1550,1331.590682385249,5,0.4166666666666667,5,0.4166666666666667
98.0,12,9,0.75,5,150.0,1551,1332.4497731480783,5,0.4166666666666667,5,0.4166666666666667
98.0,12,9,0.75,5,150.0,1552,1333.3088639109073,5,0.4166666666666667,5,0.4166666666666667
98.0,12,9,0.75,5,150.0,1553,1334.1679546737366,5,0.4166666666666667,5,0.4166666666666667
98.0,12,9,0.75,5,150.0,1554,1335.027045436566,5,0.4166666666666667,5,0.4166666666666667
98.0,12,9,0.75,5,150.0,1555,1335.886136199395,5,0.4166666666666667,5,0.4166666666666667
98.0,12,9,0.75,5,150.0,1556,1336.7452269622243,4,0.3333333333333333,5,0.4166666666666667
98.0,12,9,0.75,5,150.0,1557,1337.6043177250533,4,0.3333333333333333,5,0.4166666666666667
98.0,12,9,0.75,5,150.0,1558,1338.4634084878826,4,0.3333333333333333,5,0.4166666666666667
98.0,12,9,0.75,5,150.0,1559,1339.3224992507119,4,0.3333333333333333,5,0.4166666666666667
98.0,12,9,0.75,5,150.0,1560,1340.181590013541,4,0.3333333333333333,5,0.4166666666666667
98.0,12,9,0.75,5,150.0,1561,1341.0406807763702,4,0.3333333333333333,5,0.4166666666666667
98.0,12,9,0.75,5,150.0,1562,1341.8997715391995,4,0.3333333333333333,5,0.4166666666666667
98.0,12,9,0.75,5,150.0,1563,1342.7588623020285,4,0.3333333333333333,5,0.4166666666666667
98.0,12,9,0.75,5,150.0,1564,1343.6179530648578,4,0.3333333333333333,5,0.4166666666666667
98.0,12,9,0.75,5,150.0,1565,1344.4770438276869,4,0.3333333333333333,5,0.4166666666666667
98.0,12,9,0.75,5,150.0,1566,1345.3361345905162,4,0.3333333333333333,5,0.4166666666666667
98.0,12,9,0.75,5,150.0,1567,1346.1952253533454,4,0.3333333333333333,5,0.4166666666666667
98.0,12,9,0.75,5,150.0,1568,1347.0543161161745,4,0.3333333333333333,5,0.4166666666666667
98.0,12,9,0.75,5,150.0,1569,1347.9134068790038,4,0.3333333333333333,5,0.4166666666666667
98.0,12,9,0.75,5,150.0,1570,1348.7724976418328,4,0.3333333333333333,5,0.4166666666666667
98.0,12,9,0.75,5,150.0,1571,1349.6315884046621,4,0.3333333333333333,5,0.4166666666666667
98.0,12,9,0.75,5,150.0,1572,1350.4906791674914,4,0.3333333333333333,5,0.4166666666666667
98.0,12,9,0.75,5,150.0,1573,1351.3497699303205,4,0.3333333333333333,5,0.4166666666666667
98.0,12,9,0.75,5,150.0,1574,1352.2088606931497,4,0.3333333333333333,5,0.4166666666666667
98.0,12,9,0.75,5,150.0,1575,1353.0679514559788,3,0.25,6,0.5
98.0,12,9,0.75,5,150.0,1576,1353.927042218808,3,0.25,6,0.5
98.0,12,9,0.75,5,150.0,1577,1354.7861329816374,3,0.25,6,0.5
98.0,12,9,0.75,5,150.0,1578,1355.6452237444664,3,0.25,6,0.5
98.0,12,9,0.75,5,150.0,1579,1356.5043145072957,3,0.25,6,0.5
98.0,12,9,0.75,5,150.0,1580,1357.3634052701248,3,0.25,6,0.5
98.0,12,9,0.75,5,150.0,1581,1358.222496032954,3,0.25,6,0.5
98.0,12,9,0.75,5,150.0,1582,1359.0815867957833,3,0.25,6,0.5
98.0,12,9,0.75,5,150.0,1583,1359.9406775586124,3,0.25,6,0.5
98.0,12,9,0.75,5,150.0,1584,1360.7997683214417,3,0.25,6,0.5
98.0,12,9,0.75,5,150.0,1585,1361.6588590842707,3,0.25,6,0.5
98.0,12,9,0.75,5,150.0,1586,1362.5179498471,3,0.25,6,0.5
98.0,12,9,0.75,5,150.0,1587,1363.3770406099293,3,0.25,6,0.5
98.0,12,9,0.75,5,150.0,1588,1364.2361313727583,3,0.25,6,0.5
98.0,12,9,0.75,5,150.0,1589,1365.0952221355876,3,0.25,6,0.5
98.0,12,9,0.75,5,150.0,1590,1365.9543128984167,3,0.25,6,0.5
98.0,12,9,0.75,5,150.0,1591,1366.813403661246,3,0.25,6,0.5
98.0,12,9,0.75,5,150.0,1592,1367.6724944240752,3,0.25,6,0.5
98.0,12,9,0.75,5,150.0,1593,1368.5315851869043,3,0.25,6,0.5
98.0,12,9,0.75,5,150.0,1594,1369.3906759497336,3,0.25,6,0.5
98.0,12,9,0.75,5,150.0,1595,1370.2497667125629,3,0.25,6,0.5
98.0,12,9,0.75,5,150.0,1596,1371.108857475392,3,0.25,6,0.5
98.0,12,9,0.75,5,150.0,1597,1371.9679482382212,3,0.25,6,0.5
98.0,12,9,0.75,5,150.0,1598,1372.8270390010503,3,0.25,6,0.5
98.0,12,9,0.75,5,150.0,1599,1373.6861297638795,3,0.25,6,0.5
98.0,12,9,0.75,5,150.0,1600,1374.5452205267088,3,0.25,6,0.5
98.0,12,9,0.75,5,150.0,1601,1375.4043112895379,3,0.25,6,0.5
98.0,12,9,0.75,5,150.0,1602,1376.2634020523672,3,0.25,6,0.5
98.0,12,9,0.75,5,150.0,1603,1377.1224928151962,3,0.25,6,0.5
98.0,12,9,0.75,5,150.0,1604,1377.9815835780255,3,0.25,6,0.5
98.0,12,9,0.75,5,150.0,1605,1378.8406743408548,3,0.25,6,0.5
98.0,12,9,0.75,5,150.0,1606,1379.6997651036838,3,0.25,6,0.5
98.0,12,9,0.75,5,150.0,1607,1380.558855866513,3,0.25,6,0.5
98.0,12,9,0.75,5,150.0,1608,1381.4179466293422,3,0.25,6,0.5
98.0,12,9,0.75,5,150.0,1609,1382.2770373921715,3,0.25,6,0.5
98.0,12,9,0.75,5,150.0,1610,1383.1361281550007,3,0.25,6,0.5
98.0,12,9,0.75,5,150.0,1611,1383.9952189178298,3,0.25,6,0.5
98.0,12,9,0.75,5,150.0,1612,1384.854309680659,3,0.25,6,0.5
98.0,12,9,0.75,5,150.0,1613,1385.7134004434881,3,0.25,6,0.5
98.0,12,9,0.75,5,150.0,1614,1386.5724912063174,3,0.25,6,0.5
98.0,12,9,0.75,5,150.0,1615,1387.4315819691467,3,0.25,6,0.5
98.0,12,9,0.75,5,150.0,1616,1388.2906727319757,3,0.25,6,0.5
98.0,12,9,0.75,5,150.0,1617,1389.149763494805,3,0.25,6,0.5
98.0,12,9,0.75,5,150.0,1618,1390.008854257634,3,0.25,6,0.5
98.0,12,9,0.75,5,150.0,1619,1390.8679450204634,3,0.25,6,0.5
98.0,12,9,0.75,5,150.0,1620,1391.7270357832926,3,0.25,6,0.5
98.0,12,9,0.75,5,150.0,1621,1392.5861265461217,3,0.25,6,0.5
98.0,12,9,0.75,5,150.0,1622,1393.445217308951,3,0.25,6,0.5
98.0,12,9,0.75,5,150.0,1623,1394.30430807178,3,0.25,6,0.5
98.0,12,9,0.75,5,150.0,1624,1395.1633988346093,3,0.25,6,0.5
98.0,12,9,0.75,5,150.0,1625,1396.0224895974386,3,0.25,6,0.5
98.0,12,9,0.75,5,150.0,1626,1396.8815803602677,3,0.25,6,0.5
98.0,12,9,0.75,5,150.0,1627,1397.740671123097,3,0.25,6,0.5
98.0,12,9,0.75,5,150.0,1628,1398.599761885926,3,0.25,6,0.5
98.0,12,9,0.75,5,150.0,1629,1399.4588526487553,3,0.25,6,0.5
98.0,12,9,0.75,5,150.0,1630,1400.3179434115846,3,0.25,6,0.5
98.0,12,9,0.75,5,150.0,1631,1401.1770341744136,3,0.25,6,0.5
98.0,12,9,0.75,5,150.0,1632,1402.036124937243,3,0.25,6,0.5
98.0,12,9,0.75,5,150.0,1633,1402.8952157000722,3,0.25,6,0.5
98.0,12,9,0.75,5,150.0,1634,1403.7543064629012,3,0.25,6,0.5
98.0,12,9,0.75,5,150.0,1635,1404.6133972257305,3,0.25,6,0.5
98.0,12,9,0.75,5,150.0,1636,1405.4724879885596,3,0.25,6,0.5
98.0,12,9,0.75,5,150.0,1637,1406.3315787513889,3,0.25,6,0.5
98.0,12,9,0.75,5,150.0,1638,1407.1906695142181,3,0.25,6,0.5
98.0,12,9,0.75,5,150.0,1639,1408.0497602770472,3,0.25,6,0.5
98.0,12,9,0.75,5,150.0,1640,1408.9088510398765,3,0.25,6,0.5
98.0,12,9,0.75,5,150.0,1641,1409.7679418027055,3,0.25,6,0.5
98.0,12,9,0.75,5,150.0,1642,1410.6270325655348,3,0.25,6,0.5
98.0,12,9,0.75,5,150.0,1643,1411.486123328364,3,0.25,6,0.5
98.0,12,9,0.75,5,150.0,1644,1412.3452140911932,3,0.25,6,0.5
98.0,12,9,0.75,5,150.0,1645,1413.2043048540224,3,0.25,6,0.5
98.0,12,9,0.75,5,150.0,1646,1414.0633956168515,3,0.25,6,0.5
98.0,12,9,0.75,5,150.0,1647,1414.9224863796808,3,0.25,6,0.5
98.0,12,9,0.75,5,150.0,1648,1415.78157714251,3,0.25,6,0.5
98.0,12,9,0.75,5,150.0,1649,1416.6406679053391,3,0.25,6,0.5
98.0,12,9,0.75,5,150.0,1650,1417.4997586681684,3,0.25,6,0.5
98.0,12,9,0.75,5,150.0,1651,1418.3588494309975,3,0.25,6,0.5
98.0,12,9,0.75,5,150.0,1652,1419.2179401938267,3,0.25,6,0.5
98.0,12,9,0.75,5,150.0,1653,1420.077030956656,3,0.25,6,0.5
98.0,12,9,0.75,5,150.0,1654,1420.936121719485,3,0.25,6,0.5
98.0,12,9,0.75,5,150.0,1655,1421.7952124823144,3,0.25,6,0.5
98.0,12,9,0.75,5,150.0,1656,1422.6543032451434,3,0.25,6,0.5
98.0,12,9,0.75,5,150.0,1657,1423.5133940079727,3,0.25,6,0.5
98.0,12,9,0.75,5,150.0,1658,1424.372484770802,3,0.25,6,0.5
98.0,12,9,0.75,5,150.0,1659,1425.231575533631,3,0.25,6,0.5
98.0,12,9,0.75,5,150.0,1660,1426.0906662964603,3,0.25,6,0.5
98.0,12,9,0.75,5,150.0,1661,1426.9497570592894,3,0.25,6,0.5
98.0,12,9,0.75,5,150.0,1662,1427.8088478221187,3,0.25,6,0.5
98.0,12,9,0.75,5,150.0,1663,1428.667938584948,3,0.25,6,0.5
98.0,12,9,0.75,5,150.0,1664,1429.527029347777,3,0.25,6,0.5
98.0,12,9,0.75,5,150.0,1665,1430.3861201106063,3,0.25,6,0.5
98.0,12,9,0.75,5,150.0,1666,1431.2452108734356,3,0.25,6,0.5
98.0,12,9,0.75,5,150.0,1667,1432.1043016362646,3,0.25,6,0.5
98.0,12,9,0.75,5,150.0,1668,1432.963392399094,3,0.25,6,0.5
98.0,12,9,0.75,5,150.0,1669,1433.822483161923,3,0.25,6,0.5
98.0,12,9,0.75,5,150.0,1670,1434.6815739247522,3,0.25,6,0.5
98.0,12,9,0.75,5,150.0,1671,1435.5406646875815,3,0.25,6,0.5
98.0,12,9,0.75,5,150.0,1672,1436.3997554504106,3,0.25,6,0.5
98.0,12,9,0.75,5,150.0,1673,1437.2588462132398,3,0.25,6,0.5
98.0,12,9,0.75,5,150.0,1674,1438.117936976069,3,0.25,6,0.5
98.0,12,9,0.75,5,150.0,1675,1438.9770277388982,3,0.25,6,0.5
98.0,12,9,0.75,5,150.0,1676,1439.8361185017275,3,0.25,6,0.5
98.0,12,9,0.75,5,150.0,1677,1440.6952092645565,3,0.25,6,0.5
98.0,12,9,0.75,5,150.0,1678,1441.5543000273858,3,0.25,6,0.5
98.0,12,9,0.75,5,150.0,1679,1442.4133907902149,3,0.25,6,0.5
98.0,12,9,0.75,5,150.0,1680,1443.2724815530441,3,0.25,6,0.5
98.0,12,9,0.75,5,150.0,1681,1444.1315723158734,3,0.25,6,0.5
98.0,12,9,0.75,5,150.0,1682,1444.9906630787025,3,0.25,6,0.5
98.0,12,9,0.75,5,150.0,1683,1445.8497538415318,3,0.25,6,0.5
98.0,12,9,0.75,5,150.0,1684,1446.7088446043608,3,0.25,6,0.5
98.0,12,9,0.75,5,150.0,1685,1447.56793536719,3,0.25,6,0.5
98.0,12,9,0.75,5,150.0,1686,1448.4270261300194,3,0.25,6,0.5
98.0,12,9,0.75,5,150.0,1687,1449.2861168928484,3,0.25,6,0.5
98.0,12,9,0.75,5,150.0,1688,1450.1452076556777,3,0.25,6,0.5
98.0,12,9,0.75,5,150.0,1689,1451.0042984185068,3,0.25,6,0.5
98.0,12,9,0.75,5,150.0,1690,1451.863389181336,3,0.25,6,0.5
98.0,12,9,0.75,5,150.0,1691,1452.7224799441653,3,0.25,6,0.5
98.0,12,9,0.75,5,150.0,1692,1453.5815707069944,3,0.25,6,0.5
98.0,12,9,0.75,5,150.0,1693,1454.4406614698237,3,0.25,6,0.5
98.0,12,9,0.75,5,150.0,1694,1455.2997522326527,3,0.25,6,0.5
98.0,12,9,0.75,5,150.0,1695,1456.158842995482,3,0.25,6,0.5
98.0,12,9,0.75,5,150.0,1696,1457.0179337583113,3,0.25,6,0.5
98.0,12,9,0.75,5,150.0,1697,1457.8770245211404,3,0.25,6,0.5
98.0,12,9,0.75,5,150.0,1698,1458.7361152839696,3,0.25,6,0.5
98.0,12,9,0.75,5,150.0,1699,1459.595206046799,3,0.25,6,0.5
98.0,12,9,0.75,5,150.0,1700,1460.454296809628,3,0.25,6,0.5
98.0,12,9,0.75,5,150.0,1701,1461.3133875724573,3,0.25,6,0.5
98.0,12,9,0.75,5,150.0,1702,1462.1724783352863,3,0.25,6,0.5
98.0,12,9,0.75,5,150.0,1703,1463.0315690981156,3,0.25,6,0.5
98.0,12,9,0.75,5,150.0,1704,1463.8906598609449,3,0.25,6,0.5
98.0,12,9,0.75,5,150.0,1705,1464.749750623774,3,0.25,6,0.5
98.0,12,9,0.75,5,150.0,1706,1465.6088413866032,3,0.25,6,0.5
98.0,12,9,0.75,5,150.0,1707,1466.4679321494323,3,0.25,6,0.5
98.0,12,9,0.75,5,150.0,1708,1467.3270229122616,3,0.25,6,0.5
98.0,12,9,0.75,5,150.0,1709,1468.1861136750908,3,0.25,6,0.5
98.0,12,9,0.75,5,150.0,1710,1469.04520443792,3,0.25,6,0.5
98.0,12,9,0.75,5,150.0,1711,1469.9042952007492,3,0.25,6,0.5
98.0,12,9,0.75,5,150.0,1712,1470.7633859635782,3,0.25,6,0.5
98.0,12,9,0.75,5,150.0,1713,1471.6224767264075,3,0.25,6,0.5
98.0,12,9,0.75,5,150.0,1714,1472.4815674892368,3,0.25,6,0.5
98.0,12,9,0.75,5,150.0,1715,1473.3406582520659,3,0.25,6,0.5
98.0,12,9,0.75,5,150.0,1716,1474.1997490148951,3,0.25,6,0.5
98.0,12,9,0.75,5,150.0,1717,1475.0588397777242,3,0.25,6,0.5
98.0,12,9,0.75,5,150.0,1718,1475.9179305405535,3,0.25,6,0.5
98.0,12,9,0.75,5,150.0,1719,1476.7770213033828,3,0.25,6,0.5
98.0,12,9,0.75,5,150.0,1720,1477.6361120662118,3,0.25,6,0.5
98.0,12,9,0.75,5,150.0,1721,1478.495202829041,3,0.25,6,0.5
98.0,12,9,0.75,5,150.0,1722,1479.3542935918701,3,0.25,6,0.5
98.0,12,9,0.75,5,150.0,1723,1480.2133843546994,3,0.25,6,0.5
98.0,12,9,0.75,5,150.0,1724,1481.0724751175287,3,0.25,6,0.5
98.0,12,9,0.75,5,150.0,1725,1481.9315658803578,3,0.25,6,0.5
98.0,12,9,0.75,5,150.0,1726,1482.790656643187,3,0.25,6,0.5
98.0,12,9,0.75,5,150.0,1727,1483.649747406016,3,0.25,6,0.5
98.0,12,9,0.75,5,150.0,1728,1484.5088381688454,3,0.25,6,0.5
98.0,12,9,0.75,5,150.0,1729,1485.3679289316747,3,0.25,6,0.5
98.0,12,9,0.75,5,150.0,1730,1486.2270196945037,3,0.25,6,0.5
98.0,12,9,0.75,5,150.0,1731,1487.086110457333,3,0.25,6,0.5
98.0,12,9,0.75,5,150.0,1732,1487.9452012201623,3,0.25,6,0.5
98.0,12,9,0.75,5,150.0,1733,1488.8042919829913,3,0.25,6,0.5
98.0,12,9,0.75,5,150.0,1734,1489.6633827458206,3,0.25,6,0.5
98.0,12,9,0.75,5,150.0,1735,1490.5224735086497,3,0.25,6,0.5
98.0,12,9,0.75,5,150.0,1736,1491.381564271479,3,0.25,6,0.5
98.0,12,9,0.75,5,150.0,1737,1492.2406550343082,3,0.25,6,0.5
98.0,12,9,0.75,5,150.0,1738,1493.0997457971373,3,0.25,6,0.5
98.0,12,9,0.75,5,150.0,1739,1493.9588365599666,3,0.25,6,0.5
98.0,12,9,0.75,5,150.0,1740,1494.8179273227956,3,0.25,6,0.5
98.0,12,9,0.75,5,150.0,1741,1495.677018085625,3,0.25,6,0.5
98.0,12,9,0.75,5,150.0,1742,1496.5361088484542,3,0.25,6,0.5
98.0,12,9,0.75,5,150.0,1743,1497.3951996112833,3,0.25,6,0.5
98.0,12,9,0.75,5,150.0,1744,1498.2542903741125,3,0.25,6,0.5
98.0,12,9,0.75,5,150.0,1745,1499.1133811369416,3,0.25,6,0.5
98.0,12,9,0.75,5,150.0,1746,1499.9724718997709,3,0.25,6,0.5
98.0,12,9,0.75,5,150.0,1747,1500.8315626626002,3,0.25,6,0.5
98.0,12,9,0.75,5,150.0,1748,1501.6906534254292,3,0.25,6,0.5
98.0,12,9,0.75,5,150.0,1749,1502.5497441882585,3,0.25,6,0.5
98.0,12,9,0.75,5,150.0,1750,1503.4088349510876,3,0.25,6,0.5
98.0,12,9,0.75,5,150.0,1751,1504.2679257139168,3,0.25,6,0.5
98.0,12,9,0.75,5,150.0,1752,1505.1270164767461,4,0.3333333333333333,5,0.4166666666666667
98.0,12,9,0.75,5,150.0,1753,1505.9861072395752,4,0.3333333333333333,5,0.4166666666666667
98.0,12,9,0.75,5,150.0,1754,1506.8451980024045,4,0.3333333333333333,5,0.4166666666666667
98.0,12,9,0.75,5,150.0,1755,1507.7042887652335,4,0.3333333333333333,5,0.4166666666666667
98.0,12,9,0.75,5,150.0,1756,1508.5633795280628,4,0.3333333333333333,5,0.4166666666666667
98.0,12,9,0.75,5,150.0,1757,1509.422470290892,4,0.3333333333333333,5,0.4166666666666667
98.0,12,9,0.75,5,150.0,1758,1510.2815610537211,4,0.3333333333333333,5,0.4166666666666667
98.0,12,9,0.75,5,150.0,1759,1511.1406518165504,4,0.3333333333333333,5,0.4166666666666667
98.0,12,9,0.75,5,150.0,1760,1511.9997425793795,4,0.3333333333333333,5,0.4166666666666667
98.0,12,9,0.75,5,150.0,1761,1512.8588333422088,4,0.3333333333333333,5,0.4166666666666667
98.0,12,9,0.75,5,150.0,1762,1513.717924105038,4,0.3333333333333333,5,0.4166666666666667
98.0,12,9,0.75,5,150.0,1763,1514.577014867867,4,0.3333333333333333,5,0.4166666666666667
98.0,12,9,0.75,5,150.0,1764,1515.4361056306964,4,0.3333333333333333,5,0.4166666666666667
98.0,12,9,0.75,5,150.0,1765,1516.2951963935257,4,0.3333333333333333,5,0.4166666666666667
98.0,12,9,0.75,5,150.0,1766,1517.1542871563547,4,0.3333333333333333,5,0.4166666666666667
98.0,12,9,0.75,5,150.0,1767,1518.013377919184,4,0.3333333333333333,5,0.4166666666666667
98.0,12,9,0.75,5,150.0,1768,1518.872468682013,4,0.3333333333333333,5,0.4166666666666667
98.0,12,9,0.75,5,150.0,1769,1519.7315594448423,4,0.3333333333333333,5,0.4166666666666667
98.0,12,9,0.75,5,150.0,1770,1520.5906502076716,4,0.3333333333333333,5,0.4166666666666667
98.0,12,9,0.75,5,150.0,1771,1521.4497409705007,4,0.3333333333333333,5,0.4166666666666667
98.0,12,9,0.75,5,150.0,1772,1522.30883173333,4,0.3333333333333333,5,0.4166666666666667
98.0,12,9,0.75,5,150.0,1773,1523.167922496159,4,0.3333333333333333,5,0.4166666666666667
98.0,12,9,0.75,5,150.0,1774,1524.0270132589883,4,0.3333333333333333,5,0.4166666666666667
98.0,12,9,0.75,5,150.0,1775,1524.8861040218176,4,0.3333333333333333,5,0.4166666666666667
98.0,12,9,0.75,5,150.0,1776,1525.7451947846466,4,0.3333333333333333,5,0.4166666666666667
98.0,12,9,0.75,5,150.0,1777,1526.604285547476,4,0.3333333333333333,5,0.4166666666666667
98.0,12,9,0.75,5,150.0,1778,1527.463376310305,4,0.3333333333333333,5,0.4166666666666667
98.0,12,9,0.75,5,150.0,1779,1528.3224670731342,4,0.3333333333333333,5,0.4166666666666667
98.0,12,9,0.75,5,150.0,1780,1529.1815578359635,4,0.3333333333333333,5,0.4166666666666667
98.0,12,9,0.75,5,150.0,1781,1530.0406485987926,4,0.3333333333333333,5,0.4166666666666667
98.0,12,9,0.75,5,150.0,1782,1530.8997393616219,4,0.3333333333333333,5,0.4166666666666667
98.0,12,9,0.75,5,150.0,1783,1531.758830124451,4,0.3333333333333333,5,0.4166666666666667
98.0,12,9,0.75,5,150.0,1784,1532.6179208872802,4,0.3333333333333333,5,0.4166666666666667
98.0,12,9,0.75,5,150.0,1785,1533.4770116501095,4,0.3333333333333333,5,0.4166666666666667
98.0,12,9,0.75,5,150.0,1786,1534.3361024129385,4,0.3333333333333333,5,0.4166666666666667
98.0,12,9,0.75,5,150.0,1787,1535.1951931757678,4,0.3333333333333333,5,0.4166666666666667
98.0,12,9,0.75,5,150.0,1788,1536.0542839385969,4,0.3333333333333333,5,0.4166666666666667
98.0,12,9,0.75,5,150.0,1789,1536.9133747014262,4,0.3333333333333333,5,0.4166666666666667
98.0,12,9,0.75,5,150.0,1790,1537.7724654642554,4,0.3333333333333333,5,0.4166666666666667
98.0,12,9,0.75,5,150.0,1791,1538.6315562270845,4,0.3333333333333333,5,0.4166666666666667
98.0,12,9,0.75,5,150.0,1792,1539.4906469899138,4,0.3333333333333333,5,0.4166666666666667
98.0,12,9,0.75,5,150.0,1793,1540.3497377527428,4,0.3333333333333333,5,0.4166666666666667
98.0,12,9,0.75,5,150.0,1794,1541.2088285155721,4,0.3333333333333333,5,0.4166666666666667
98.0,12,9,0.75,5,150.0,1795,1542.0679192784014,4,0.3333333333333333,5,0.4166666666666667
98.0,12,9,0.75,5,150.0,1796,1542.9270100412305,4,0.3333333333333333,5,0.4166666666666667
98.0,12,9,0.75,5,150.0,1797,1543.7861008040597,4,0.3333333333333333,5,0.4166666666666667
98.0,12,9,0.75,5,150.0,1798,1544.645191566889,4,0.3333333333333333,5,0.4166666666666667
98.0,12,9,0.75,5,150.0,1799,1545.504282329718,4,0.3333333333333333,5,0.4166666666666667
98.0,12,9,0.75,5,150.0,1800,1546.3633730925474,4,0.3333333333333333,5,0.4166666666666667
98.0,12,9,0.75,5,150.0,1801,1547.2224638553764,4,0.3333333333333333,5,0.4166666666666667
98.0,12,9,0.75,5,150.0,1802,1548.0815546182057,4,0.3333333333333333,5,0.4166666666666667
98.0,12,9,0.75,5,150.0,1803,1548.940645381035,4,0.3333333333333333,5,0.4166666666666667
98.0,12,9,0.75,5,150.0,1804,1549.799736143864,4,0.3333333333333333,5,0.4166666666666667
98.0,12,9,0.75,5,150.0,1805,1550.6588269066933,4,0.3333333333333333,5,0.4166666666666667
98.0,12,9,0.75,5,150.0,1806,1551.5179176695224,4,0.3333333333333333,5,0.4166666666666667
98.0,12,9,0.75,5,150.0,1807,1552.3770084323517,4,0.3333333333333333,5,0.4166666666666667
98.0,12,9,0.75,5,150.0,1808,1553.236099195181,4,0.3333333333333333,5,0.4166666666666667
98.0,12,9,0.75,5,150.0,1809,1554.09518995801,4,0.3333333333333333,5,0.4166666666666667
98.0,12,9,0.75,5,150.0,1810,1554.9542807208393,4,0.3333333333333333,5,0.4166666666666667
98.0,12,9,0.75,5,150.0,1811,1555.8133714836683,4,0.3333333333333333,5,0.4166666666666667
98.0,12,9,0.75,5,150.0,1812,1556.6724622464976,4,0.3333333333333333,5,0.4166666666666667
98.0,12,9,0.75,5,150.0,1813,1557.531553009327,4,0.3333333333333333,5,0.4166666666666667
98.0,12,9,0.75,5,150.0,1814,1558.390643772156,4,0.3333333333333333,5,0.4166666666666667
98.0,12,9,0.75,5,150.0,1815,1559.2497345349852,4,0.3333333333333333,5,0.4166666666666667
98.0,12,9,0.75,5,150.0,1816,1560.1088252978143,4,0.3333333333333333,5,0.4166666666666667
98.0,12,9,0.75,5,150.0,1817,1560.9679160606436,4,0.3333333333333333,5,0.4166666666666667
98.0,12,9,0.75,5,150.0,1818,1561.8270068234729,4,0.3333333333333333,5,0.4166666666666667
98.0,12,9,0.75,5,150.0,1819,1562.686097586302,4,0.3333333333333333,5,0.4166666666666667
98.0,12,9,0.75,5,150.0,1820,1563.5451883491312,4,0.3333333333333333,5,0.4166666666666667
98.0,12,9,0.75,5,150.0,1821,1564.4042791119602,4,0.3333333333333333,5,0.4166666666666667
98.0,12,9,0.75,5,150.0,1822,1565.2633698747895,4,0.3333333333333333,5,0.4166666666666667
98.0,12,9,0.75,5,150.0,1823,1566.1224606376188,4,0.3333333333333333,5,0.4166666666666667
98.0,12,9,0.75,5,150.0,1824,1566.9815514004479,4,0.3333333333333333,5,0.4166666666666667
98.0,12,9,0.75,5,150.0,1825,1567.8406421632772,4,0.3333333333333333,5,0.4166666666666667
98.0,12,9,0.75,5,150.0,1826,1568.6997329261062,4,0.3333333333333333,5,0.4166666666666667
98.0,12,9,0.75,5,150.0,1827,1569.5588236889355,4,0.3333333333333333,5,0.4166666666666667
98.0,12,9,0.75,5,150.0,1828,1570.4179144517648,4,0.3333333333333333,5,0.4166666666666667
98.0,12,9,0.75,5,150.0,1829,1571.2770052145938,4,0.3333333333333333,5,0.4166666666666667
98.0,12,9,0.75,5,150.0,1830,1572.136095977423,4,0.3333333333333333,5,0.4166666666666667
98.0,12,9,0.75,5,150.0,1831,1572.9951867402524,4,0.3333333333333333,5,0.4166666666666667
98.0,12,9,0.75,5,150.0,1832,1573.8542775030814,4,0.3333333333333333,5,0.4166666666666667
98.0,12,9,0.75,5,150.0,1833,1574.7133682659107,4,0.3333333333333333,5,0.4166666666666667
98.0,12,9,0.75,5,150.0,1834,1575.5724590287398,4,0.3333333333333333,5,0.4166666666666667
98.0,12,9,0.75,5,150.0,1835,1576.431549791569,4,0.3333333333333333,5,0.4166666666666667
98.0,12,9,0.75,5,150.0,1836,1577.2906405543984,4,0.3333333333333333,5,0.4166666666666667
98.0,12,9,0.75,5,150.0,1837,1578.1497313172274,3,0.25,6,0.5
98.0,12,9,0.75,5,150.0,1838,1579.0088220800567,3,0.25,6,0.5
98.0,12,9,0.75,5,150.0,1839,1579.8679128428857,3,0.25,6,0.5
98.0,12,9,0.75,5,150.0,1840,1580.727003605715,3,0.25,6,0.5
98.0,12,9,0.75,5,150.0,1841,1581.5860943685443,3,0.25,6,0.5
98.0,12,9,0.75,5,150.0,1842,1582.4451851313734,3,0.25,6,0.5
98.0,12,9,0.75,5,150.0,1843,1583.3042758942026,3,0.25,6,0.5
98.0,12,9,0.75,5,150.0,1844,1584.1633666570317,3,0.25,6,0.5
98.0,12,9,0.75,5,150.0,1845,1585.022457419861,3,0.25,6,0.5
98.0,12,9,0.75,5,150.0,1846,1585.8815481826903,3,0.25,6,0.5
98.0,12,9,0.75,5,150.0,1847,1586.7406389455193,3,0.25,6,0.5
98.0,12,9,0.75,5,150.0,1848,1587.5997297083486,3,0.25,6,0.5
98.0,12,9,0.75,5,150.0,1849,1588.4588204711777,3,0.25,6,0.5
98.0,12,9,0.75,5,150.0,1850,1589.317911234007,3,0.25,6,0.5
98.0,12,9,0.75,5,150.0,1851,1590.1770019968362,3,0.25,6,0.5
98.0,12,9,0.75,5,150.0,1852,1591.0360927596653,3,0.25,6,0.5
98.0,12,9,0.75,5,150.0,1853,1591.8951835224946,3,0.25,6,0.5
98.0,12,9,0.75,5,150.0,1854,1592.7542742853236,3,0.25,6,0.5
98.0,12,9,0.75,5,150.0,1855,1593.613365048153,3,0.25,6,0.5
98.0,12,9,0.75,5,150.0,1856,1594.4724558109822,3,0.25,6,0.5
98.0,12,9,0.75,5,150.0,1857,1595.3315465738112,3,0.25,6,0.5
98.0,12,9,0.75,5,150.0,1858,1596.1906373366405,3,0.25,6,0.5
98.0,12,9,0.75,5,150.0,1859,1597.0497280994696,3,0.25,6,0.5
98.0,12,9,0.75,5,150.0,1860,1597.9088188622989,3,0.25,6,0.5
98.0,12,9,0.75,5,150.0,1861,1598.7679096251281,3,0.25,6,0.5
98.0,12,9,0.75,5,150.0,1862,1599.6270003879572,3,0.25,6,0.5
98.0,12,9,0.75,5,150.0,1863,1600.4860911507865,3,0.25,6,0.5
98.0,12,9,0.75,5,150.0,1864,1601.3451819136158,3,0.25,6,0.5
98.0,12,9,0.75,5,150.0,1865,1602.2042726764448,3,0.25,6,0.5
98.0,12,9,0.75,5,150.0,1866,1603.063363439274,3,0.25,6,0.5
98.0,12,9,0.75,5,150.0,1867,1603.9224542021032,3,0.25,6,0.5
98.0,12,9,0.75,5,150.0,1868,1604.7815449649324,3,0.25,6,0.5
98.0,12,9,0.75,5,150.0,1869,1605.6406357277617,3,0.25,6,0.5
98.0,12,9,0.75,5,150.0,1870,1606.4997264905908,3,0.25,6,0.5
98.0,12,9,0.75,5,150.0,1871,1607.35881725342,3,0.25,6,0.5
98.0,12,9,0.75,5,150.0,1872,1608.217908016249,3,0.25,6,0.5
98.0,12,9,0.75,5,150.0,1873,1609.0769987790784,3,0.25,6,0.5
98.0,12,9,0.75,5,150.0,1874,1609.9360895419077,3,0.25,6,0.5
98.0,12,9,0.75,5,150.0,1875,1610.7951803047367,3,0.25,6,0.5
98.0,12,9,0.75,5,150.0,1876,1611.654271067566,3,0.25,6,0.5
98.0,12,9,0.75,5,150.0,1877,1612.513361830395,3,0.25,6,0.5
98.0,12,9,0.75,5,150.0,1878,1613.3724525932244,3,0.25,6,0.5
98.0,12,9,0.75,5,150.0,1879,1614.2315433560536,3,0.25,6,0.5
98.0,12,9,0.75,5,150.0,1880,1615.0906341188827,3,0.25,6,0.5
98.0,12,9,0.75,5,150.0,1881,1615.949724881712,3,0.25,6,0.5
98.0,12,9,0.75,5,150.0,1882,1616.808815644541,3,0.25,6,0.5
98.0,12,9,0.75,5,150.0,1883,1617.6679064073703,3,0.25,6,0.5
98.0,12,9,0.75,5,150.0,1884,1618.5269971701996,3,0.25,6,0.5
98.0,12,9,0.75,5,150.0,1885,1619.3860879330286,3,0.25,6,0.5
98.0,12,9,0.75,5,150.0,1886,1620.245178695858,3,0.25,6,0.5
98.0,12,9,0.75,5,150.0,1887,1621.104269458687,3,0.25,6,0.5
98.0,12,9,0.75,5,150.0,1888,1621.9633602215163,3,0.25,6,0.5
98.0,12,9,0.75,5,150.0,1889,1622.8224509843456,3,0.25,6,0.5
98.0,12,9,0.75,5,150.0,1890,1623.6815417471746,3,0.25,6,0.5
98.0,12,9,0.75,5,150.0,1891,1624.540632510004,3,0.25,6,0.5
98.0,12,9,0.75,5,150.0,1892,1625.399723272833,3,0.25,6,0.5
98.0,12,9,0.75,5,150.0,1893,1626.2588140356622,3,0.25,6,0.5
98.0,12,9,0.75,5,150.0,1894,1627.1179047984915,3,0.25,6,0.5
98.0,12,9,0.75,5,150.0,1895,1627.9769955613206,3,0.25,6,0.5
98.0,12,9,0.75,5,150.0,1896,1628.8360863241498,3,0.25,6,0.5
98.0,12,9,0.75,5,150.0,1897,1629.6951770869791,3,0.25,6,0.5
98.0,12,9,0.75,5,150.0,1898,1630.5542678498082,3,0.25,6,0.5
98.0,12,9,0.75,5,150.0,1899,1631.4133586126375,3,0.25,6,0.5
98.0,12,9,0.75,5,150.0,1900,1632.2724493754665,3,0.25,6,0.5
98.0,12,9,0.75,5,150.0,1901,1633.1315401382958,3,0.25,6,0.5
98.0,12,9,0.75,5,150.0,1902,1633.990630901125,3,0.25,6,0.5
98.0,12,9,0.75,5,150.0,1903,1634.8497216639541,3,0.25,6,0.5
98.0,12,9,0.75,5,150.0,1904,1635.7088124267834,3,0.25,6,0.5
98.0,12,9,0.75,5,150.0,1905,1636.5679031896125,3,0.25,6,0.5
98.0,12,9,0.75,5,150.0,1906,1637.4269939524418,3,0.25,6,0.5
98.0,12,9,0.75,5,150.0,1907,1638.286084715271,3,0.25,6,0.5
98.0,12,9,0.75,5,150.0,1908,1639.1451754781,3,0.25,6,0.5
98.0,12,9,0.75,5,150.0,1909,1640.0042662409294,3,0.25,6,0.5
98.0,12,9,0.75,5,150.0,1910,1640.8633570037584,3,0.25,6,0.5
98.0,12,9,0.75,5,150.0,1911,1641.7224477665877,3,0.25,6,0.5
98.0,12,9,0.75,5,150.0,1912,1642.581538529417,3,0.25,6,0.5
98.0,12,9,0.75,5,150.0,1913,1643.440629292246,3,0.25,6,0.5
98.0,12,9,0.75,5,150.0,1914,1644.2997200550753,3,0.25,6,0.5
98.0,12,9,0.75,5,150.0,1915,1645.1588108179044,3,0.25,6,0.5
98.0,12,9,0.75,5,150.0,1916,1646.0179015807337,3,0.25,6,0.5
98.0,12,9,0.75,5,150.0,1917,1646.876992343563,3,0.25,6,0.5
98.0,12,9,0.75,5,150.0,1918,1647.736083106392,3,0.25,6,0.5
98.0,12,9,0.75,5,150.0,1919,1648.5951738692213,3,0.25,6,0.5
98.0,12,9,0.75,5,150.0,1920,1649.4542646320504,3,0.25,6,0.5
98.0,12,9,0.75,5,150.0,1921,1650.3133553948796,3,0.25,6,0.5
98.0,12,9,0.75,5,150.0,1922,1651.172446157709,3,0.25,6,0.5
98.0,12,9,0.75,5,150.0,1923,1652.031536920538,3,0.25,6,0.5
98.0,12,9,0.75,5,150.0,1924,1652.8906276833673,3,0.25,6,0.5
98.0,12,9,0.75,5,150.0,1925,1653.7497184461963,3,0.25,6,0.5
98.0,12,9,0.75,5,150.0,1926,1654.6088092090256,3,0.25,6,0.5
98.0,12,9,0.75,5,150.0,1927,1655.4678999718549,3,0.25,6,0.5
98.0,12,9,0.75,5,150.0,1928,1656.326990734684,3,0.25,6,0.5
98.0,12,9,0.75,5,150.0,1929,1657.1860814975132,3,0.25,6,0.5
98.0,12,9,0.75,5,150.0,1930,1658.0451722603423,3,0.25,6,0.5
98.0,12,9,0.75,5,150.0,1931,1658.9042630231716,3,0.25,6,0.5
98.0,12,9,0.75,5,150.0,1932,1659.7633537860008,3,0.25,6,0.5
98.0,12,9,0.75,5,150.0,1933,1660.62244454883,3,0.25,6,0.5
98.0,12,9,0.75,5,150.0,1934,1661.4815353116592,3,0.25,6,0.5
98.0,12,9,0.75,5,150.0,1935,1662.3406260744885,3,0.25,6,0.5
98.0,12,9,0.75,5,150.0,1936,1663.1997168373175,3,0.25,6,0.5
98.0,12,9,0.75,5,150.0,1937,1664.0588076001468,3,0.25,6,0.5
98.0,12,9,0.75,5,150.0,1938,1664.9178983629758,3,0.25,6,0.5
98.0,12,9,0.75,5,150.0,1939,1665.7769891258051,3,0.25,6,0.5
98.0,12,9,0.75,5,150.0,1940,1666.6360798886344,3,0.25,6,0.5
98.0,12,9,0.75,5,150.0,1941,1667.4951706514635,3,0.25,6,0.5
98.0,12,9,0.75,5,150.0,1942,1668.3542614142928,3,0.25,6,0.5
98.0,12,9,0.75,5,150.0,1943,1669.2133521771218,3,0.25,6,0.5
98.0,12,9,0.75,5,150.0,1944,1670.072442939951,3,0.25,6,0.5
98.0,12,9,0.75,5,150.0,1945,1670.9315337027804,3,0.25,6,0.5
98.0,12,9,0.75,5,150.0,1946,1671.7906244656094,3,0.25,6,0.5
98.0,12,9,0.75,5,150.0,1947,1672.6497152284387,3,0.25,6,0.5
98.0,12,9,0.75,5,150.0,1948,1673.5088059912678,3,0.25,6,0.5
98.0,12,9,0.75,5,150.0,1949,1674.367896754097,3,0.25,6,0.5
98.0,12,9,0.75,5,150.0,1950,1675.2269875169263,3,0.25,6,0.5
98.0,12,9,0.75,5,150.0,1951,1676.0860782797554,3,0.25,6,0.5
98.0,12,9,0.75,5,150.0,1952,1676.9451690425847,3,0.25,6,0.5
98.0,12,9,0.75,5,150.0,1953,1677.8042598054137,3,0.25,6,0.5
98.0,12,9,0.75,5,150.0,1954,1678.663350568243,3,0.25,6,0.5
98.0,12,9,0.75,5,150.0,1955,1679.5224413310723,3,0.25,6,0.5
98.0,12,9,0.75,5,150.0,1956,1680.3815320939013,3,0.25,6,0.5
98.0,12,9,0.75,5,150.0,1957,1681.2406228567306,3,0.25,6,0.5
98.0,12,9,0.75,5,150.0,1958,1682.0997136195597,3,0.25,6,0.5
98.0,12,9,0.75,5,150.0,1959,1682.958804382389,3,0.25,6,0.5
98.0,12,9,0.75,5,150.0,1960,1683.8178951452182,3,0.25,6,0.5
98.0,12,9,0.75,5,150.0,1961,1684.6769859080473,3,0.25,6,0.5
98.0,12,9,0.75,5,150.0,1962,1685.5360766708766,3,0.25,6,0.5
98.0,12,9,0.75,5,150.0,1963,1686.3951674337056,3,0.25,6,0.5
98.0,12,9,0.75,5,150.0,1964,1687.254258196535,3,0.25,6,0.5
98.0,12,9,0.75,5,150.0,1965,1688.1133489593642,3,0.25,6,0.5
98.0,12,9,0.75,5,150.0,1966,1688.9724397221933,3,0.25,6,0.5
98.0,12,9,0.75,5,150.0,1967,1689.8315304850225,3,0.25,6,0.5
98.0,12,9,0.75,5,150.0,1968,1690.6906212478518,3,0.25,6,0.5
98.0,12,9,0.75,5,150.0,1969,1691.5497120106809,3,0.25,6,0.5
98.0,12,9,0.75,5,150.0,1970,1692.4088027735102,3,0.25,6,0.5
98.0,12,9,0.75,5,150.0,1971,1693.2678935363392,3,0.25,6,0.5
98.0,12,9,0.75,5,150.0,1972,1694.1269842991685,3,0.25,6,0.5
98.0,12,9,0.75,5,150.0,1973,1694.9860750619978,3,0.25,6,0.5
98.0,12,9,0.75,5,150.0,1974,1695.8451658248268,3,0.25,6,0.5
98.0,12,9,0.75,5,150.0,1975,1696.7042565876561,3,0.25,6,0.5
98.0,12,9,0.75,5,150.0,1976,1697.5633473504852,3,0.25,6,0.5
98.0,12,9,0.75,5,150.0,1977,1698.4224381133145,3,0.25,6,0.5
98.0,12,9,0.75,5,150.0,1978,1699.2815288761437,3,0.25,6,0.5
98.0,12,9,0.75,5,150.0,1979,1700.1406196389728,3,0.25,6,0.5
98.0,12,9,0.75,5,150.0,1980,1700.999710401802,3,0.25,6,0.5
98.0,12,9,0.75,5,150.0,1981,1701.8588011646311,3,0.25,6,0.5
98.0,12,9,0.75,5,150.0,1982,1702.7178919274604,3,0.25,6,0.5
98.0,12,9,0.75,5,150.0,1983,1703.5769826902897,3,0.25,6,0.5
98.0,12,9,0.75,5,150.0,1984,1704.4360734531188,3,0.25,6,0.5
98.0,12,9,0.75,5,150.0,1985,1705.295164215948,3,0.25,6,0.5
98.0,12,9,0.75,5,150.0,1986,1706.154254978777,3,0.25,6,0.5
98.0,12,9,0.75,5,150.0,1987,1707.0133457416064,3,0.25,6,0.5
98.0,12,9,0.75,5,150.0,1988,1707.8724365044357,3,0.25,6,0.5
98.0,12,9,0.75,5,150.0,1989,1708.7315272672647,3,0.25,6,0.5
98.0,12,9,0.75,5,150.0,1990,1709.590618030094,3,0.25,6,0.5
98.0,12,9,0.75,5,150.0,1991,1710.449708792923,3,0.25,6,0.5
98.0,12,9,0.75,5,150.0,1992,1711.3087995557523,3,0.25,6,0.5
98.0,12,9,0.75,5,150.0,1993,1712.1678903185816,3,0.25,6,0.5
98.0,12,9,0.75,5,150.0,1994,1713.0269810814107,3,0.25,6,0.5
98.0,12,9,0.75,5,150.0,1995,1713.88607184424,3,0.25,6,0.5
98.0,12,9,0.75,5,150.0,1996,1714.745162607069,3,0.25,6,0.5
98.0,12,9,0.75,5,150.0,1997,1715.6042533698983,3,0.25,6,0.5
98.0,12,9,0.75,5,150.0,1998,1716.4633441327276,3,0.25,6,0.5
98.0,12,9,0.75,5,150.0,1999,1717.3224348955566,3,0.25,6,0.5
98.0,12,9,0.75,5,150.0,2000,1718.181525658386,3,0.25,6,0.5
98.0,12,9,0.75,5,150.0,2001,1719.0406164212152,3,0.25,6,0.5
98.0,12,9,0.75,5,150.0,2002,1719.8997071840442,3,0.25,6,0.5
98.0,12,9,0.75,5,150.0,2003,1720.7587979468735,3,0.25,6,0.5
98.0,12,9,0.75,5,150.0,2004,1721.6178887097026,3,0.25,6,0.5
98.0,12,9,0.75,5,150.0,2005,1722.4769794725319,3,0.25,6,0.5
98.0,12,9,0.75,5,150.0,2006,1723.3360702353611,3,0.25,6,0.5
98.0,12,9,0.75,5,150.0,2007,1724.1951609981902,3,0.25,6,0.5
98.0,12,9,0.75,5,150.0,2008,1725.0542517610195,3,0.25,6,0.5
98.0,12,9,0.75,5,150.0,2009,1725.9133425238485,3,0.25,6,0.5
98.0,12,9,0.75,5,150.0,2010,1726.7724332866778,3,0.25,6,0.5
98.0,12,9,0.75,5,150.0,2011,1727.631524049507,3,0.25,6,0.5
98.0,12,9,0.75,5,150.0,2012,1728.4906148123362,3,0.25,6,0.5
98.0,12,9,0.75,5,150.0,2013,1729.3497055751654,3,0.25,6,0.5
98.0,12,9,0.75,5,150.0,2014,1730.2087963379945,3,0.25,6,0.5
98.0,12,9,0.75,5,150.0,2015,1731.0678871008238,3,0.25,6,0.5
98.0,12,9,0.75,5,150.0,2016,1731.926977863653,3,0.25,6,0.5
98.0,12,9,0.75,5,150.0,2017,1732.7860686264821,3,0.25,6,0.5
98.0,12,9,0.75,5,150.0,2018,1733.6451593893114,3,0.25,6,0.5
98.0,12,9,0.75,5,150.0,2019,1734.5042501521405,3,0.25,6,0.5
98.0,12,9,0.75,5,150.0,2020,1735.3633409149697,3,0.25,6,0.5
98.0,12,9,0.75,5,150.0,2021,1736.222431677799,3,0.25,6,0.5
98.0,12,9,0.75,5,150.0,2022,1737.081522440628,3,0.25,6,0.5
98.0,12,9,0.75,5,150.0,2023,1737.9406132034574,3,0.25,6,0.5
98.0,12,9,0.75,5,150.0,2024,1738.7997039662864,3,0.25,6,0.5
98.0,12,9,0.75,5,150.0,2025,1739.6587947291157,3,0.25,6,0.5
98.0,12,9,0.75,5,150.0,2026,1740.517885491945,3,0.25,6,0.5
98.0,12,9,0.75,5,150.0,2027,1741.376976254774,3,0.25,6,0.5
98.0,12,9,0.75,5,150.0,2028,1742.2360670176033,3,0.25,6,0.5
98.0,12,9,0.75,5,150.0,2029,1743.0951577804324,3,0.25,6,0.5
98.0,12,9,0.75,5,150.0,2030,1743.9542485432617,3,0.25,6,0.5
98.0,12,9,0.75,5,150.0,2031,1744.813339306091,3,0.25,6,0.5
98.0,12,9,0.75,5,150.0,2032,1745.67243006892,4,0.3333333333333333,5,0.4166666666666667
98.0,12,9,0.75,5,150.0,2033,1746.5315208317493,4,0.3333333333333333,5,0.4166666666666667
98.0,12,9,0.75,5,150.0,2034,1747.3906115945786,4,0.3333333333333333,5,0.4166666666666667
98.0,12,9,0.75,5,150.0,2035,1748.2497023574076,4,0.3333333333333333,5,0.4166666666666667
98.0,12,9,0.75,5,150.0,2036,1749.108793120237,4,0.3333333333333333,5,0.4166666666666667
98.0,12,9,0.75,5,150.0,2037,1749.967883883066,4,0.3333333333333333,5,0.4166666666666667
98.0,12,9,0.75,5,150.0,2038,1750.8269746458952,4,0.3333333333333333,5,0.4166666666666667
98.0,12,9,0.75,5,150.0,2039,1751.6860654087245,4,0.3333333333333333,5,0.4166666666666667
98.0,12,9,0.75,5,150.0,2040,1752.5451561715536,4,0.3333333333333333,5,0.4166666666666667
98.0,12,9,0.75,5,150.0,2041,1753.4042469343829,4,0.3333333333333333,5,0.4166666666666667
98.0,12,9,0.75,5,150.0,2042,1754.263337697212,4,0.3333333333333333,5,0.4166666666666667
98.0,12,9,0.75,5,150.0,2043,1755.1224284600412,4,0.3333333333333333,5,0.4166666666666667
98.0,12,9,0.75,5,150.0,2044,1755.9815192228705,4,0.3333333333333333,5,0.4166666666666667
98.0,12,9,0.75,5,150.0,2045,1756.8406099856995,4,0.3333333333333333,5,0.4166666666666667
98.0,12,9,0.75,5,150.0,2046,1757.6997007485288,4,0.3333333333333333,5,0.4166666666666667
98.0,12,9,0.75,5,150.0,2047,1758.5587915113579,4,0.3333333333333333,5,0.4166666666666667
98.0,12,9,0.75,5,150.0,2048,1759.4178822741871,4,0.3333333333333333,5,0.4166666666666667
98.0,12,9,0.75,5,150.0,2049,1760.2769730370164,4,0.3333333333333333,5,0.4166666666666667
98.0,12,9,0.75,5,150.0,2050,1761.1360637998455,4,0.3333333333333333,5,0.4166666666666667
98.0,12,9,0.75,5,150.0,2051,1761.9951545626748,4,0.3333333333333333,5,0.4166666666666667
98.0,12,9,0.75,5,150.0,2052,1762.8542453255038,4,0.3333333333333333,5,0.4166666666666667
98.0,12,9,0.75,5,150.0,2053,1763.713336088333,4,0.3333333333333333,5,0.4166666666666667
98.0,12,9,0.75,5,150.0,2054,1764.5724268511624,4,0.3333333333333333,5,0.4166666666666667
98.0,12,9,0.75,5,150.0,2055,1765.4315176139914,4,0.3333333333333333,5,0.4166666666666667
98.0,12,9,0.75,5,150.0,2056,1766.2906083768207,4,0.3333333333333333,5,0.4166666666666667
98.0,12,9,0.75,5,150.0,2057,1767.1496991396498,4,0.3333333333333333,5,0.4166666666666667
98.0,12,9,0.75,5,150.0,2058,1768.008789902479,4,0.3333333333333333,5,0.4166666666666667
98.0,12,9,0.75,5,150.0,2059,1768.8678806653083,4,0.3333333333333333,5,0.4166666666666667
98.0,12,9,0.75,5,150.0,2060,1769.7269714281374,4,0.3333333333333333,5,0.4166666666666667
98.0,12,9,0.75,5,150.0,2061,1770.5860621909667,4,0.3333333333333333,5,0.4166666666666667
98.0,12,9,0.75,5,150.0,2062,1771.4451529537957,4,0.3333333333333333,5,0.4166666666666667
98.0,12,9,0.75,5,150.0,2063,1772.304243716625,4,0.3333333333333333,5,0.4166666666666667
98.0,12,9,0.75,5,150.0,2064,1773.1633344794543,4,0.3333333333333333,5,0.4166666666666667
98.0,12,9,0.75,5,150.0,2065,1774.0224252422834,4,0.3333333333333333,5,0.4166666666666667
98.0,12,9,0.75,5,150.0,2066,1774.8815160051126,4,0.3333333333333333,5,0.4166666666666667
98.0,12,9,0.75,5,150.0,2067,1775.740606767942,4,0.3333333333333333,5,0.4166666666666667
98.0,12,9,0.75,5,150.0,2068,1776.599697530771,4,0.3333333333333333,5,0.4166666666666667
98.0,12,9,0.75,5,150.0,2069,1777.4587882936003,4,0.3333333333333333,5,0.4166666666666667
98.0,12,9,0.75,5,150.0,2070,1778.3178790564293,4,0.3333333333333333,5,0.4166666666666667
98.0,12,9,0.75,5,150.0,2071,1779.1769698192586,4,0.3333333333333333,5,0.4166666666666667
98.0,12,9,0.75,5,150.0,2072,1780.0360605820879,4,0.3333333333333333,5,0.4166666666666667
98.0,12,9,0.75,5,150.0,2073,1780.895151344917,4,0.3333333333333333,5,0.4166666666666667
98.0,12,9,0.75,5,150.0,2074,1781.7542421077462,4,0.3333333333333333,5,0.4166666666666667
98.0,12,9,0.75,5,150.0,2075,1782.6133328705753,4,0.3333333333333333,5,0.4166666666666667
98.0,12,9,0.75,5,150.0,2076,1783.4724236334046,4,0.3333333333333333,5,0.4166666666666667
98.0,12,9,0.75,5,150.0,2077,1784.3315143962338,4,0.3333333333333333,5,0.4166666666666667
98.0,12,9,0.75,5,150.0,2078,1785.190605159063,4,0.3333333333333333,5,0.4166666666666667
98.0,12,9,0.75,5,150.0,2079,1786.0496959218922,4,0.3333333333333333,5,0.4166666666666667
98.0,12,9,0.75,5,150.0,2080,1786.9087866847212,4,0.3333333333333333,5,0.4166666666666667
98.0,12,9,0.75,5,150.0,2081,1787.7678774475505,4,0.3333333333333333,5,0.4166666666666667
98.0,12,9,0.75,5,150.0,2082,1788.6269682103798,4,0.3333333333333333,5,0.4166666666666667
98.0,12,9,0.75,5,150.0,2083,1789.4860589732089,4,0.3333333333333333,5,0.4166666666666667
98.0,12,9,0.75,5,150.0,2084,1790.3451497360381,4,0.3333333333333333,5,0.4166666666666667
98.0,12,9,0.75,5,150.0,2085,1791.2042404988672,4,0.3333333333333333,5,0.4166666666666667
98.0,12,9,0.75,5,150.0,2086,1792.0633312616965,4,0.3333333333333333,5,0.4166666666666667
98.0,12,9,0.75,5,150.0,2087,1792.9224220245258,4,0.3333333333333333,5,0.4166666666666667
98.0,12,9,0.75,5,150.0,2088,1793.7815127873548,4,0.3333333333333333,5,0.4166666666666667
98.0,12,9,0.75,5,150.0,2089,1794.640603550184,4,0.3333333333333333,5,0.4166666666666667
98.0,12,9,0.75,5,150.0,2090,1795.4996943130132,4,0.3333333333333333,5,0.4166666666666667
98.0,12,9,0.75,5,150.0,2091,1796.3587850758424,4,0.3333333333333333,5,0.4166666666666667
98.0,12,9,0.75,5,150.0,2092,1797.2178758386717,4,0.3333333333333333,5,0.4166666666666667
98.0,12,9,0.75,5,150.0,2093,1798.0769666015008,4,0.3333333333333333,5,0.4166666666666667
98.0,12,9,0.75,5,150.0,2094,1798.93605736433,4,0.3333333333333333,5,0.4166666666666667
98.0,12,9,0.75,5,150.0,2095,1799.795148127159,4,0.3333333333333333,5,0.4166666666666667
98.0,12,9,0.75,5,150.0,2096,1800.6542388899884,4,0.3333333333333333,5,0.4166666666666667
98.0,12,9,0.75,5,150.0,2097,1801.5133296528177,4,0.3333333333333333,5,0.4166666666666667
98.0,12,9,0.75,5,150.0,2098,1802.3724204156467,4,0.3333333333333333,5,0.4166666666666667
98.0,12,9,0.75,5,150.0,2099,1803.231511178476,4,0.3333333333333333,5,0.4166666666666667
98.0,12,9,0.75,5,150.0,2100,1804.0906019413053,4,0.3333333333333333,5,0.4166666666666667
98.0,12,9,0.75,5,150.0,2101,1804.9496927041343,4,0.3333333333333333,5,0.4166666666666667
98.0,12,9,0.75,5,150.0,2102,1805.8087834669636,4,0.3333333333333333,5,0.4166666666666667
98.0,12,9,0.75,5,150.0,2103,1806.6678742297927,4,0.3333333333333333,5,0.4166666666666667
98.0,12,9,0.75,5,150.0,2104,1807.526964992622,4,0.3333333333333333,5,0.4166666666666667
98.0,12,9,0.75,5,150.0,2105,1808.3860557554513,4,0.3333333333333333,5,0.4166666666666667
98.0,12,9,0.75,5,150.0,2106,1809.2451465182803,4,0.3333333333333333,5,0.4166666666666667
98.0,12,9,0.75,5,150.0,2107,1810.1042372811096,4,0.3333333333333333,5,0.4166666666666667
98.0,12,9,0.75,5,150.0,2108,1810.9633280439386,4,0.3333333333333333,5,0.4166666666666667
98.0,12,9,0.75,5,150.0,2109,1811.822418806768,4,0.3333333333333333,5,0.4166666666666667
98.0,12,9,0.75,5,150.0,2110,1812.6815095695972,4,0.3333333333333333,5,0.4166666666666667
98.0,12,9,0.75,5,150.0,2111,1813.5406003324263,4,0.3333333333333333,5,0.4166666666666667
98.0,12,9,0.75,5,150.0,2112,1814.3996910952555,4,0.3333333333333333,5,0.4166666666666667
98.0,12,9,0.75,5,150.0,2113,1815.2587818580846,4,0.3333333333333333,5,0.4166666666666667
98.0,12,9,0.75,5,150.0,2114,1816.1178726209139,3,0.25,6,0.5
98.0,12,9,0.75,5,150.0,2115,1816.9769633837432,3,0.25,6,0.5
98.0,12,9,0.75,5,150.0,2116,1817.8360541465722,3,0.25,6,0.5
98.0,12,9,0.75,5,150.0,2117,1818.6951449094015,3,0.25,6,0.5
98.0,12,9,0.75,5,150.0,2118,1819.5542356722306,3,0.25,6,0.5
98.0,12,9,0.75,5,150.0,2119,1820.4133264350598,3,0.25,6,0.5
98.0,12,9,0.75,5,150.0,2120,1821.2724171978891,3,0.25,6,0.5
98.0,12,9,0.75,5,150.0,2121,1822.1315079607182,3,0.25,6,0.5
98.0,12,9,0.75,5,150.0,2122,1822.9905987235475,3,0.25,6,0.5
98.0,12,9,0.75,5,150.0,2123,1823.8496894863765,3,0.25,6,0.5
98.0,12,9,0.75,5,150.0,2124,1824.7087802492058,3,0.25,6,0.5
98.0,12,9,0.75,5,150.0,2125,1825.567871012035,3,0.25,6,0.5
98.0,12,9,0.75,5,150.0,2126,1826.4269617748641,3,0.25,6,0.5
98.0,12,9,0.75,5,150.0,2127,1827.2860525376934,3,0.25,6,0.5
98.0,12,9,0.75,5,150.0,2128,1828.1451433005225,3,0.25,6,0.5
98.0,12,9,0.75,5,150.0,2129,1829.0042340633518,3,0.25,6,0.5
98.0,12,9,0.75,5,150.0,2130,1829.863324826181,3,0.25,6,0.5
98.0,12,9,0.75,5,150.0,2131,1830.72241558901,3,0.25,6,0.5
98.0,12,9,0.75,5,150.0,2132,1831.5815063518394,3,0.25,6,0.5
98.0,12,9,0.75,5,150.0,2133,1832.4405971146687,3,0.25,6,0.5
98.0,12,9,0.75,5,150.0,2134,1833.2996878774977,3,0.25,6,0.5
98.0,12,9,0.75,5,150.0,2135,1834.158778640327,3,0.25,6,0.5
98.0,12,9,0.75,5,150.0,2136,1835.017869403156,3,0.25,6,0.5
98.0,12,9,0.75,5,150.0,2137,1835.8769601659853,3,0.25,6,0.5
98.0,12,9,0.75,5,150.0,2138,1836.7360509288146,3,0.25,6,0.5
98.0,12,9,0.75,5,150.0,2139,1837.5951416916437,3,0.25,6,0.5
98.0,12,9,0.75,5,150.0,2140,1838.454232454473,3,0.25,6,0.5
98.0,12,9,0.75,5,150.0,2141,1839.313323217302,3,0.25,6,0.5
98.0,12,9,0.75,5,150.0,2142,1840.1724139801313,3,0.25,6,0.5
98.0,12,9,0.75,5,150.0,2143,1841.0315047429606,3,0.25,6,0.5
98.0,12,9,0.75,5,150.0,2144,1841.8905955057896,3,0.25,6,0.5
98.0,12,9,0.75,5,150.0,2145,1842.749686268619,3,0.25,6,0.5
98.0,12,9,0.75,5,150.0,2146,1843.608777031448,3,0.25,6,0.5
98.0,12,9,0.75,5,150.0,2147,1844.4678677942773,3,0.25,6,0.5
98.0,12,9,0.75,5,150.0,2148,1845.3269585571065,3,0.25,6,0.5
98.0,12,9,0.75,5,150.0,2149,1846.1860493199356,3,0.25,6,0.5
98.0,12,9,0.75,5,150.0,2150,1847.0451400827649,3,0.25,6,0.5
98.0,12,9,0.75,5,150.0,2151,1847.904230845594,3,0.25,6,0.5
98.0,12,9,0.75,5,150.0,2152,1848.7633216084232,3,0.25,6,0.5
98.0,12,9,0.75,5,150.0,2153,1849.6224123712525,3,0.25,6,0.5
98.0,12,9,0.75,5,150.0,2154,1850.4815031340815,3,0.25,6,0.5
98.0,12,9,0.75,5,150.0,2155,1851.3405938969108,3,0.25,6,0.5
98.0,12,9,0.75,5,150.0,2156,1852.19968465974,3,0.25,6,0.5
98.0,12,9,0.75,5,150.0,2157,1853.0587754225692,3,0.25,6,0.5
98.0,12,9,0.75,5,150.0,2158,1853.9178661853985,3,0.25,6,0.5
98.0,12,9,0.75,5,150.0,2159,1854.7769569482275,3,0.25,6,0.5
98.0,12,9,0.75,5,150.0,2160,1855.6360477110568,3,0.25,6,0.5
98.0,12,9,0.75,5,150.0,2161,1856.4951384738858,3,0.25,6,0.5
98.0,12,9,0.75,5,150.0,2162,1857.3542292367151,3,0.25,6,0.5
98.0,12,9,0.75,5,150.0,2163,1858.2133199995444,3,0.25,6,0.5
98.0,12,9,0.75,5,150.0,2164,1859.0724107623735,3,0.25,6,0.5
98.0,12,9,0.75,5,150.0,2165,1859.9315015252027,3,0.25,6,0.5
98.0,12,9,0.75,5,150.0,2166,1860.790592288032,3,0.25,6,0.5
98.0,12,9,0.75,5,150.0,2167,1861.649683050861,3,0.25,6,0.5
98.0,12,9,0.75,5,150.0,2168,1862.5087738136904,3,0.25,6,0.5
98.0,12,9,0.75,5,150.0,2169,1863.3678645765194,3,0.25,6,0.5
98.0,12,9,0.75,5,150.0,2170,1864.2269553393487,3,0.25,6,0.5
98.0,12,9,0.75,5,150.0,2171,1865.086046102178,3,0.25,6,0.5
98.0,12,9,0.75,5,150.0,2172,1865.945136865007,3,0.25,6,0.5
98.0,12,9,0.75,5,150.0,2173,1866.8042276278363,3,0.25,6,0.5
98.0,12,9,0.75,5,150.0,2174,1867.6633183906654,3,0.25,6,0.5
98.0,12,9,0.75,5,150.0,2175,1868.5224091534947,3,0.25,6,0.5
98.0,12,9,0.75,5,150.0,2176,1869.381499916324,3,0.25,6,0.5
98.0,12,9,0.75,5,150.0,2177,1870.240590679153,3,0.25,6,0.5
98.0,12,9,0.75,5,150.0,2178,1871.0996814419823,3,0.25,6,0.5
98.0,12,9,0.75,5,150.0,2179,1871.9587722048113,3,0.25,6,0.5
98.0,12,9,0.75,5,150.0,2180,1872.8178629676406,3,0.25,6,0.5
98.0,12,9,0.75,5,150.0,2181,1873.67695373047,3,0.25,6,0.5
98.0,12,9,0.75,5,150.0,2182,1874.536044493299,3,0.25,6,0.5
98.0,12,9,0.75,5,150.0,2183,1875.3951352561282,3,0.25,6,0.5
98.0,12,9,0.75,5,150.0,2184,1876.2542260189573,3,0.25,6,0.5
98.0,12,9,0.75,5,150.0,2185,1877.1133167817866,3,0.25,6,0.5
98.0,12,9,0.75,5,150.0,2186,1877.9724075446159,3,0.25,6,0.5
98.0,12,9,0.75,5,150.0,2187,1878.831498307445,3,0.25,6,0.5
98.0,12,9,0.75,5,150.0,2188,1879.6905890702742,3,0.25,6,0.5
98.0,12,9,0.75,5,150.0,2189,1880.5496798331033,3,0.25,6,0.5
98.0,12,9,0.75,5,150.0,2190,1881.4087705959325,3,0.25,6,0.5
98.0,12,9,0.75,5,150.0,2191,1882.2678613587618,3,0.25,6,0.5
98.0,12,9,0.75,5,150.0,2192,1883.1269521215909,3,0.25,6,0.5
98.0,12,9,0.75,5,150.0,2193,1883.9860428844202,3,0.25,6,0.5
98.0,12,9,0.75,5,150.0,2194,1884.8451336472492,3,0.25,6,0.5
98.0,12,9,0.75,5,150.0,2195,1885.7042244100785,3,0.25,6,0.5
98.0,12,9,0.75,5,150.0,2196,1886.5633151729078,3,0.25,6,0.5
98.0,12,9,0.75,5,150.0,2197,1887.4224059357368,3,0.25,6,0.5
98.0,12,9,0.75,5,150.0,2198,1888.2814966985661,3,0.25,6,0.5
98.0,12,9,0.75,5,150.0,2199,1889.1405874613952,3,0.25,6,0.5
98.0,12,9,0.75,5,150.0,2200,1889.9996782242245,3,0.25,6,0.5
98.0,12,9,0.75,5,150.0,2201,1890.8587689870537,3,0.25,6,0.5
98.0,12,9,0.75,5,150.0,2202,1891.7178597498828,3,0.25,6,0.5
98.0,12,9,0.75,5,150.0,2203,1892.576950512712,3,0.25,6,0.5
98.0,12,9,0.75,5,150.0,2204,1893.4360412755414,3,0.25,6,0.5
98.0,12,9,0.75,5,150.0,2205,1894.2951320383704,3,0.25,6,0.5
98.0,12,9,0.75,5,150.0,2206,1895.1542228011997,3,0.25,6,0.5
98.0,12,9,0.75,5,150.0,2207,1896.0133135640287,3,0.25,6,0.5
98.0,12,9,0.75,5,150.0,2208,1896.872404326858,3,0.25,6,0.5
98.0,12,9,0.75,5,150.0,2209,1897.7314950896873,3,0.25,6,0.5
98.0,12,9,0.75,5,150.0,2210,1898.5905858525164,3,0.25,6,0.5
98.0,12,9,0.75,5,150.0,2211,1899.4496766153457,3,0.25,6,0.5
98.0,12,9,0.75,5,150.0,2212,1900.3087673781747,3,0.25,6,0.5
98.0,12,9,0.75,5,150.0,2213,1901.167858141004,3,0.25,6,0.5
98.0,12,9,0.75,5,150.0,2214,1902.0269489038333,3,0.25,6,0.5
98.0,12,9,0.75,5,150.0,2215,1902.8860396666623,3,0.25,6,0.5
98.0,12,9,0.75,5,150.0,2216,1903.7451304294916,3,0.25,6,0.5
98.0,12,9,0.75,5,150.0,2217,1904.6042211923207,3,0.25,6,0.5
98.0,12,9,0.75,5,150.0,2218,1905.46331195515,3,0.25,6,0.5
98.0,12,9,0.75,5,150.0,2219,1906.3224027179792,3,0.25,6,0.5
98.0,12,9,0.75,5,150.0,2220,1907.1814934808083,3,0.25,6,0.5
98.0,12,9,0.75,5,150.0,2221,1908.0405842436376,3,0.25,6,0.5
98.0,12,9,0.75,5,150.0,2222,1908.8996750064666,3,0.25,6,0.5
98.0,12,9,0.75,5,150.0,2223,1909.758765769296,3,0.25,6,0.5
98.0,12,9,0.75,5,150.0,2224,1910.6178565321252,3,0.25,6,0.5
98.0,12,9,0.75,5,150.0,2225,1911.4769472949542,3,0.25,6,0.5
98.0,12,9,0.75,5,150.0,2226,1912.3360380577835,3,0.25,6,0.5
98.0,12,9,0.75,5,150.0,2227,1913.1951288206126,3,0.25,6,0.5
98.0,12,9,0.75,5,150.0,2228,1914.0542195834419,3,0.25,6,0.5
98.0,12,9,0.75,5,150.0,2229,1914.9133103462711,3,0.25,6,0.5
98.0,12,9,0.75,5,150.0,2230,1915.7724011091002,3,0.25,6,0.5
98.0,12,9,0.75,5,150.0,2231,1916.6314918719295,3,0.25,6,0.5
98.0,12,9,0.75,5,150.0,2232,1917.4905826347585,3,0.25,6,0.5
98.0,12,9,0.75,5,150.0,2233,1918.3496733975878,3,0.25,6,0.5
98.0,12,9,0.75,5,150.0,2234,1919.208764160417,3,0.25,6,0.5
98.0,12,9,0.75,5,150.0,2235,1920.0678549232462,3,0.25,6,0.5
98.0,12,9,0.75,5,150.0,2236,1920.9269456860754,3,0.25,6,0.5
98.0,12,9,0.75,5,150.0,2237,1921.7860364489047,3,0.25,6,0.5
98.0,12,9,0.75,5,150.0,2238,1922.6451272117338,3,0.25,6,0.5
98.0,12,9,0.75,5,150.0,2239,1923.504217974563,3,0.25,6,0.5
98.0,12,9,0.75,5,150.0,2240,1924.3633087373921,3,0.25,6,0.5
98.0,12,9,0.75,5,150.0,2241,1925.2223995002214,3,0.25,6,0.5
98.0,12,9,0.75,5,150.0,2242,1926.0814902630507,3,0.25,6,0.5
98.0,12,9,0.75,5,150.0,2243,1926.9405810258797,3,0.25,6,0.5
98.0,12,9,0.75,5,150.0,2244,1927.799671788709,3,0.25,6,0.5
98.0,12,9,0.75,5,150.0,2245,1928.658762551538,3,0.25,6,0.5
98.0,12,9,0.75,5,150.0,2246,1929.5178533143674,3,0.25,6,0.5
98.0,12,9,0.75,5,150.0,2247,1930.3769440771966,3,0.25,6,0.5
98.0,12,9,0.75,5,150.0,2248,1931.2360348400257,3,0.25,6,0.5
98.0,12,9,0.75,5,150.0,2249,1932.095125602855,3,0.25,6,0.5
98.0,12,9,0.75,5,150.0,2250,1932.954216365684,3,0.25,6,0.5
98.0,12,9,0.75,5,150.0,2251,1933.8133071285133,3,0.25,6,0.5
98.0,12,9,0.75,5,150.0,2252,1934.6723978913426,3,0.25,6,0.5
98.0,12,9,0.75,5,150.0,2253,1935.5314886541717,3,0.25,6,0.5
98.0,12,9,0.75,5,150.0,2254,1936.390579417001,3,0.25,6,0.5
98.0,12,9,0.75,5,150.0,2255,1937.24967017983,3,0.25,6,0.5
98.0,12,9,0.75,5,150.0,2256,1938.1087609426593,3,0.25,6,0.5
98.0,12,9,0.75,5,150.0,2257,1938.9678517054886,3,0.25,6,0.5
98.0,12,9,0.75,5,150.0,2258,1939.8269424683176,3,0.25,6,0.5
98.0,12,9,0.75,5,150.0,2259,1940.686033231147,3,0.25,6,0.5
98.0,12,9,0.75,5,150.0,2260,1941.545123993976,3,0.25,6,0.5
98.0,12,9,0.75,5,150.0,2261,1942.4042147568052,3,0.25,6,0.5
98.0,12,9,0.75,5,150.0,2262,1943.2633055196345,3,0.25,6,0.5
98.0,12,9,0.75,5,150.0,2263,1944.1223962824636,3,0.25,6,0.5
98.0,12,9,0.75,5,150.0,2264,1944.9814870452929,3,0.25,6,0.5
98.0,12,9,0.75,5,150.0,2265,1945.840577808122,3,0.25,6,0.5
98.0,12,9,0.75,5,150.0,2266,1946.6996685709512,3,0.25,6,0.5
98.0,12,9,0.75,5,150.0,2267,1947.5587593337805,3,0.25,6,0.5
98.0,12,9,0.75,5,150.0,2268,1948.4178500966095,3,0.25,6,0.5
98.0,12,9,0.75,5,150.0,2269,1949.2769408594388,3,0.25,6,0.5
98.0,12,9,0.75,5,150.0,2270,1950.136031622268,3,0.25,6,0.5
98.0,12,9,0.75,5,150.0,2271,1950.9951223850971,3,0.25,6,0.5
98.0,12,9,0.75,5,150.0,2272,1951.8542131479264,3,0.25,6,0.5
98.0,12,9,0.75,5,150.0,2273,1952.7133039107555,3,0.25,6,0.5
98.0,12,9,0.75,5,150.0,2274,1953.5723946735848,3,0.25,6,0.5
98.0,12,9,0.75,5,150.0,2275,1954.431485436414,3,0.25,6,0.5
98.0,12,9,0.75,5,150.0,2276,1955.290576199243,3,0.25,6,0.5
98.0,12,9,0.75,5,150.0,2277,1956.1496669620724,3,0.25,6,0.5
98.0,12,9,0.75,5,150.0,2278,1957.0087577249014,3,0.25,6,0.5
98.0,12,9,0.75,5,150.0,2279,1957.8678484877307,3,0.25,6,0.5
98.0,12,9,0.75,5,150.0,2280,1958.72693925056,3,0.25,6,0.5
98.0,12,9,0.75,5,150.0,2281,1959.586030013389,3,0.25,6,0.5
98.0,12,9,0.75,5,150.0,2282,1960.4451207762183,3,0.25,6,0.5
98.0,12,9,0.75,5,150.0,2283,1961.3042115390474,3,0.25,6,0.5
98.0,12,9,0.75,5,150.0,2284,1962.1633023018767,3,0.25,6,0.5
98.0,12,9,0.75,5,150.0,2285,1963.022393064706,3,0.25,6,0.5
98.0,12,9,0.75,5,150.0,2286,1963.881483827535,3,0.25,6,0.5
98.0,12,9,0.75,5,150.0,2287,1964.7405745903643,3,0.25,6,0.5
98.0,12,9,0.75,5,150.0,2288,1965.5996653531934,3,0.25,6,0.5
98.0,12,9,0.75,5,150.0,2289,1966.4587561160226,3,0.25,6,0.5
98.0,12,9,0.75,5,150.0,2290,1967.317846878852,3,0.25,6,0.5
98.0,12,9,0.75,5,150.0,2291,1968.176937641681,3,0.25,6,0.5
98.0,12,9,0.75,5,150.0,2292,1969.0360284045103,3,0.25,6,0.5
98.0,12,9,0.75,5,150.0,2293,1969.8951191673393,3,0.25,6,0.5
98.0,12,9,0.75,5,150.0,2294,1970.7542099301686,3,0.25,6,0.5
98.0,12,9,0.75,5,150.0,2295,1971.6133006929979,3,0.25,6,0.5
98.0,12,9,0.75,5,150.0,2296,1972.472391455827,3,0.25,6,0.5
98.0,12,9,0.75,5,150.0,2297,1973.3314822186562,3,0.25,6,0.5
98.0,12,9,0.75,5,150.0,2298,1974.1905729814853,3,0.25,6,0.5
98.0,12,9,0.75,5,150.0,2299,1975.0496637443146,3,0.25,6,0.5
98.0,12,9,0.75,5,150.0,2300,1975.9087545071438,3,0.25,6,0.5
98.0,12,9,0.75,5,150.0,2301,1976.767845269973,3,0.25,6,0.5
98.0,12,9,0.75,5,150.0,2302,1977.6269360328022,3,0.25,6,0.5
98.0,12,9,0.75,5,150.0,2303,1978.4860267956315,3,0.25,6,0.5
98.0,12,9,0.75,5,150.0,2304,1979.3451175584605,3,0.25,6,0.5
98.0,12,9,0.75,5,150.0,2305,1980.2042083212898,3,0.25,6,0.5
98.0,12,9,0.75,5,150.0,2306,1981.0632990841189,3,0.25,6,0.5
98.0,12,9,0.75,5,150.0,2307,1981.9223898469481,3,0.25,6,0.5
98.0,12,9,0.75,5,150.0,2308,1982.7814806097774,3,0.25,6,0.5
98.0,12,9,0.75,5,150.0,2309,1983.6405713726065,3,0.25,6,0.5
98.0,12,9,0.75,5,150.0,2310,1984.4996621354358,3,0.25,6,0.5
98.0,12,9,0.75,5,150.0,2311,1985.3587528982648,3,0.25,6,0.5
98.0,12,9,0.75,5,150.0,2312,1986.217843661094,4,0.3333333333333333,6,0.5
98.0,12,9,0.75,5,150.0,2313,1987.0769344239234,4,0.3333333333333333,6,0.5
98.0,12,9,0.75,5,150.0,2314,1987.9360251867524,4,0.3333333333333333,6,0.5
98.0,12,9,0.75,5,150.0,2315,1988.7951159495817,4,0.3333333333333333,6,0.5
98.0,12,9,0.75,5,150.0,2316,1989.6542067124108,4,0.3333333333333333,6,0.5
98.0,12,9,0.75,5,150.0,2317,1990.51329747524,4,0.3333333333333333,6,0.5
98.0,12,9,0.75,5,150.0,2318,1991.3723882380693,4,0.3333333333333333,6,0.5
98.0,12,9,0.75,5,150.0,2319,1992.2314790008984,4,0.3333333333333333,6,0.5
98.0,12,9,0.75,5,150.0,2320,1993.0905697637277,4,0.3333333333333333,6,0.5
98.0,12,9,0.75,5,150.0,2321,1993.9496605265567,4,0.3333333333333333,6,0.5
98.0,12,9,0.75,5,150.0,2322,1994.808751289386,4,0.3333333333333333,6,0.5
98.0,12,9,0.75,5,150.0,2323,1995.6678420522153,4,0.3333333333333333,6,0.5
98.0,12,9,0.75,5,150.0,2324,1996.5269328150443,4,0.3333333333333333,6,0.5
98.0,12,9,0.75,5,150.0,2325,1997.3860235778736,4,0.3333333333333333,6,0.5
98.0,12,9,0.75,5,150.0,2326,1998.2451143407027,4,0.3333333333333333,6,0.5
98.0,12,9,0.75,5,150.0,2327,1999.104205103532,4,0.3333333333333333,6,0.5
98.0,12,9,0.75,5,150.0,2328,1999.9632958663612,4,0.3333333333333333,6,0.5
98.0,12,9,0.75,5,150.0,2329,2000.8223866291903,4,0.3333333333333333,6,0.5
98.0,12,9,0.75,5,150.0,2330,2001.6814773920196,4,0.3333333333333333,6,0.5
98.0,12,9,0.75,5,150.0,2331,2002.5405681548486,4,0.3333333333333333,6,0.5
98.0,12,9,0.75,5,150.0,2332,2003.399658917678,4,0.3333333333333333,6,0.5
98.0,12,9,0.75,5,150.0,2333,2004.2587496805072,4,0.3333333333333333,6,0.5
98.0,12,9,0.75,5,150.0,2334,2005.1178404433363,4,0.3333333333333333,6,0.5
98.0,12,9,0.75,5,150.0,2335,2005.9769312061655,4,0.3333333333333333,6,0.5
98.0,12,9,0.75,5,150.0,2336,2006.8360219689948,4,0.3333333333333333,6,0.5
98.0,12,9,0.75,5,150.0,2337,2007.6951127318239,4,0.3333333333333333,6,0.5
98.0,12,9,0.75,5,150.0,2338,2008.5542034946532,4,0.3333333333333333,6,0.5
98.0,12,9,0.75,5,150.0,2339,2009.4132942574822,4,0.3333333333333333,6,0.5
98.0,12,9,0.75,5,150.0,2340,2010.2723850203115,4,0.3333333333333333,6,0.5
98.0,12,9,0.75,5,150.0,2341,2011.1314757831408,4,0.3333333333333333,6,0.5
98.0,12,9,0.75,5,150.0,2342,2011.9905665459698,4,0.3333333333333333,6,0.5
98.0,12,9,0.75,5,150.0,2343,2012.8496573087991,4,0.3333333333333333,6,0.5
98.0,12,9,0.75,5,150.0,2344,2013.7087480716282,4,0.3333333333333333,6,0.5
98.0,12,9,0.75,5,150.0,2345,2014.5678388344575,4,0.3333333333333333,6,0.5
98.0,12,9,0.75,5,150.0,2346,2015.4269295972867,4,0.3333333333333333,6,0.5
98.0,12,9,0.75,5,150.0,2347,2016.2860203601158,4,0.3333333333333333,6,0.5
98.0,12,9,0.75,5,150.0,2348,2017.145111122945,4,0.3333333333333333,6,0.5
98.0,12,9,0.75,5,150.0,2349,2018.0042018857741,4,0.3333333333333333,6,0.5
98.0,12,9,0.75,5,150.0,2350,2018.8632926486034,4,0.3333333333333333,6,0.5
98.0,12,9,0.75,5,150.0,2351,2019.7223834114327,4,0.3333333333333333,6,0.5
98.0,12,9,0.75,5,150.0,2352,2020.5814741742618,4,0.3333333333333333,6,0.5
98.0,12,9,0.75,5,150.0,2353,2021.440564937091,4,0.3333333333333333,6,0.5
98.0,12,9,0.75,5,150.0,2354,2022.29965569992,4,0.3333333333333333,6,0.5
98.0,12,9,0.75,5,150.0,2355,2023.1587464627494,4,0.3333333333333333,6,0.5
98.0,12,9,0.75,5,150.0,2356,2024.0178372255787,4,0.3333333333333333,6,0.5
98.0,12,9,0.75,5,150.0,2357,2024.8769279884077,4,0.3333333333333333,6,0.5
98.0,12,9,0.75,5,150.0,2358,2025.736018751237,4,0.3333333333333333,6,0.5
98.0,12,9,0.75,5,150.0,2359,2026.595109514066,4,0.3333333333333333,6,0.5
98.0,12,9,0.75,5,150.0,2360,2027.4542002768953,4,0.3333333333333333,6,0.5
98.0,12,9,0.75,5,150.0,2361,2028.3132910397246,4,0.3333333333333333,6,0.5
98.0,12,9,0.75,5,150.0,2362,2029.1723818025537,4,0.3333333333333333,6,0.5
98.0,12,9,0.75,5,150.0,2363,2030.031472565383,4,0.3333333333333333,6,0.5
98.0,12,9,0.75,5,150.0,2364,2030.890563328212,4,0.3333333333333333,6,0.5
98.0,12,9,0.75,5,150.0,2365,2031.7496540910413,4,0.3333333333333333,6,0.5
98.0,12,9,0.75,5,150.0,2366,2032.6087448538706,4,0.3333333333333333,6,0.5
98.0,12,9,0.75,5,150.0,2367,2033.4678356166996,4,0.3333333333333333,6,0.5
98.0,12,9,0.75,5,150.0,2368,2034.326926379529,4,0.3333333333333333,6,0.5
98.0,12,9,0.75,5,150.0,2369,2035.1860171423582,4,0.3333333333333333,6,0.5
98.0,12,9,0.75,5,150.0,2370,2036.0451079051873,4,0.3333333333333333,6,0.5
98.0,12,9,0.75,5,150.0,2371,2036.9041986680165,4,0.3333333333333333,6,0.5
98.0,12,9,0.75,5,150.0,2372,2037.7632894308456,4,0.3333333333333333,6,0.5
98.0,12,9,0.75,5,150.0,2373,2038.6223801936749,4,0.3333333333333333,6,0.5
98.0,12,9,0.75,5,150.0,2374,2039.4814709565042,4,0.3333333333333333,6,0.5
98.0,12,9,0.75,5,150.0,2375,2040.3405617193332,4,0.3333333333333333,6,0.5
98.0,12,9,0.75,5,150.0,2376,2041.1996524821625,4,0.3333333333333333,6,0.5
98.0,12,9,0.75,5,150.0,2377,2042.0587432449915,4,0.3333333333333333,6,0.5
98.0,12,9,0.75,5,150.0,2378,2042.9178340078208,4,0.3333333333333333,6,0.5
98.0,12,9,0.75,5,150.0,2379,2043.77692477065,4,0.3333333333333333,6,0.5
98.0,12,9,0.75,5,150.0,2380,2044.6360155334792,4,0.3333333333333333,6,0.5
98.0,12,9,0.75,5,150.0,2381,2045.4951062963084,4,0.3333333333333333,6,0.5
98.0,12,9,0.75,5,150.0,2382,2046.3541970591375,4,0.3333333333333333,6,0.5
98.0,12,9,0.75,5,150.0,2383,2047.2132878219668,4,0.3333333333333333,6,0.5
98.0,12,9,0.75,5,150.0,2384,2048.072378584796,4,0.3333333333333333,6,0.5
98.0,12,9,0.75,5,150.0,2385,2048.9314693476254,4,0.3333333333333333,6,0.5
98.0,12,9,0.75,5,150.0,2386,2049.7905601104544,4,0.3333333333333333,6,0.5
98.0,12,9,0.75,5,150.0,2387,2050.6496508732835,4,0.3333333333333333,6,0.5
98.0,12,9,0.75,5,150.0,2388,2051.508741636113,4,0.3333333333333333,6,0.5
98.0,12,9,0.75,5,150.0,2389,2052.367832398942,4,0.3333333333333333,6,0.5
98.0,12,9,0.75,5,150.0,2390,2053.226923161771,4,0.3333333333333333,6,0.5
98.0,12,9,0.75,5,150.0,2391,2054.0860139246,4,0.3333333333333333,6,0.5
98.0,12,9,0.75,5,150.0,2392,2054.9451046874296,4,0.3333333333333333,6,0.5
98.0,12,9,0.75,5,150.0,2393,2055.8041954502587,4,0.3333333333333333,6,0.5
98.0,12,9,0.75,5,150.0,2394,2056.6632862130878,4,0.3333333333333333,6,0.5
98.0,12,9,0.75,5,150.0,2395,2057.5223769759173,4,0.3333333333333333,6,0.5
98.0,12,9,0.75,5,150.0,2396,2058.3814677387463,4,0.3333333333333333,6,0.5
98.0,12,9,0.75,5,150.0,2397,2059.2405585015754,4,0.3333333333333333,6,0.5
98.0,12,9,0.75,5,150.0,2398,2060.099649264405,4,0.3333333333333333,6,0.5
98.0,12,9,0.75,5,150.0,2399,2060.958740027234,4,0.3333333333333333,6,0.5
98.0,12,9,0.75,5,150.0,2400,2061.817830790063,4,0.3333333333333333,6,0.5
98.0,12,9,0.75,5,150.0,2401,2062.676921552892,4,0.3333333333333333,6,0.5
98.0,12,9,0.75,5,150.0,2402,2063.5360123157216,4,0.3333333333333333,6,0.5
98.0,12,9,0.75,5,150.0,2403,2064.3951030785506,4,0.3333333333333333,6,0.5
98.0,12,9,0.75,5,150.0,2404,2065.2541938413797,4,0.3333333333333333,6,0.5
98.0,12,9,0.75,5,150.0,2405,2066.113284604209,4,0.3333333333333333,6,0.5
98.0,12,9,0.75,5,150.0,2406,2066.9723753670382,4,0.3333333333333333,6,0.5
98.0,12,9,0.75,5,150.0,2407,2067.8314661298673,4,0.3333333333333333,6,0.5
98.0,12,9,0.75,5,150.0,2408,2068.690556892697,4,0.3333333333333333,6,0.5
98.0,12,9,0.75,5,150.0,2409,2069.549647655526,4,0.3333333333333333,6,0.5
98.0,12,9,0.75,5,150.0,2410,2070.408738418355,4,0.3333333333333333,6,0.5
98.0,12,9,0.75,5,150.0,2411,2071.267829181184,4,0.3333333333333333,6,0.5
98.0,12,9,0.75,5,150.0,2412,2072.1269199440135,4,0.3333333333333333,6,0.5
98.0,12,9,0.75,5,150.0,2413,2072.9860107068425,4,0.3333333333333333,6,0.5
98.0,12,9,0.75,5,150.0,2414,2073.8451014696716,4,0.3333333333333333,6,0.5
98.0,12,9,0.75,5,150.0,2415,2074.704192232501,4,0.3333333333333333,6,0.5
98.0,12,9,0.75,5,150.0,2416,2075.56328299533,4,0.3333333333333333,6,0.5
98.0,12,9,0.75,5,150.0,2417,2076.422373758159,4,0.3333333333333333,6,0.5
98.0,12,9,0.75,5,150.0,2418,2077.2814645209887,4,0.3333333333333333,6,0.5
98.0,12,9,0.75,5,150.0,2419,2078.140555283818,4,0.3333333333333333,6,0.5
98.0,12,9,0.75,5,150.0,2420,2078.999646046647,4,0.3333333333333333,6,0.5
98.0,12,9,0.75,5,150.0,2421,2079.8587368094763,4,0.3333333333333333,6,0.5
98.0,12,9,0.75,5,150.0,2422,2080.7178275723054,4,0.3333333333333333,6,0.5
98.0,12,9,0.75,5,150.0,2423,2081.5769183351345,4,0.3333333333333333,6,0.5
98.0,12,9,0.75,5,150.0,2424,2082.4360090979635,3,0.25,6,0.5
98.0,12,9,0.75,5,150.0,2425,2083.295099860793,3,0.25,6,0.5
98.0,12,9,0.75,5,150.0,2426,2084.154190623622,3,0.25,6,0.5
98.0,12,9,0.75,5,150.0,2427,2085.013281386451,3,0.25,6,0.5
98.0,12,9,0.75,5,150.0,2428,2085.8723721492806,3,0.25,6,0.5
98.0,12,9,0.75,5,150.0,2429,2086.7314629121097,3,0.25,6,0.5
98.0,12,9,0.75,5,150.0,2430,2087.5905536749387,3,0.25,6,0.5
98.0,12,9,0.75,5,150.0,2431,2088.4496444377683,3,0.25,6,0.5
98.0,12,9,0.75,5,150.0,2432,2089.3087352005973,3,0.25,6,0.5
98.0,12,9,0.75,5,150.0,2433,2090.1678259634264,3,0.25,6,0.5
98.0,12,9,0.75,5,150.0,2434,2091.0269167262554,3,0.25,6,0.5
98.0,12,9,0.75,5,150.0,2435,2091.886007489085,3,0.25,6,0.5
98.0,12,9,0.75,5,150.0,2436,2092.745098251914,3,0.25,6,0.5
98.0,12,9,0.75,5,150.0,2437,2093.604189014743,3,0.25,6,0.5
98.0,12,9,0.75,5,150.0,2438,2094.4632797775726,3,0.25,6,0.5
98.0,12,9,0.75,5,150.0,2439,2095.3223705404016,3,0.25,6,0.5
98.0,12,9,0.75,5,150.0,2440,2096.1814613032307,3,0.25,6,0.5
98.0,12,9,0.75,5,150.0,2441,2097.04055206606,3,0.25,6,0.5
98.0,12,9,0.75,5,150.0,2442,2097.8996428288892,3,0.25,6,0.5
98.0,12,9,0.75,5,150.0,2443,2098.7587335917183,3,0.25,6,0.5
98.0,12,9,0.75,5,150.0,2444,2099.6178243545473,3,0.25,6,0.5
98.0,12,9,0.75,5,150.0,2445,2100.476915117377,3,0.25,6,0.5
98.0,12,9,0.75,5,150.0,2446,2101.336005880206,3,0.25,6,0.5
98.0,12,9,0.75,5,150.0,2447,2102.195096643035,3,0.25,6,0.5
98.0,12,9,0.75,5,150.0,2448,2103.0541874058645,3,0.25,6,0.5
98.0,12,9,0.75,5,150.0,2449,2103.9132781686935,3,0.25,6,0.5
98.0,12,9,0.75,5,150.0,2450,2104.7723689315226,3,0.25,6,0.5
98.0,12,9,0.75,5,150.0,2451,2105.631459694352,3,0.25,6,0.5
98.0,12,9,0.75,5,150.0,2452,2106.490550457181,3,0.25,6,0.5
98.0,12,9,0.75,5,150.0,2453,2107.34964122001,3,0.25,6,0.5
98.0,12,9,0.75,5,150.0,2454,2108.2087319828397,3,0.25,6,0.5
98.0,12,9,0.75,5,150.0,2455,2109.0678227456688,3,0.25,6,0.5
98.0,12,9,0.75,5,150.0,2456,2109.926913508498,3,0.25,6,0.5
98.0,12,9,0.75,5,150.0,2457,2110.786004271327,3,0.25,6,0.5
98.0,12,9,0.75,5,150.0,2458,2111.6450950341564,3,0.25,6,0.5
98.0,12,9,0.75,5,150.0,2459,2112.5041857969854,3,0.25,6,0.5
98.0,12,9,0.75,5,150.0,2460,2113.3632765598145,3,0.25,6,0.5
98.0,12,9,0.75,5,150.0,2461,2114.222367322644,3,0.25,6,0.5
98.0,12,9,0.75,5,150.0,2462,2115.081458085473,3,0.25,6,0.5
98.0,12,9,0.75,5,150.0,2463,2115.940548848302,3,0.25,6,0.5
98.0,12,9,0.75,5,150.0,2464,2116.7996396111316,3,0.25,6,0.5
98.0,12,9,0.75,5,150.0,2465,2117.6587303739607,3,0.25,6,0.5
98.0,12,9,0.75,5,150.0,2466,2118.5178211367897,3,0.25,6,0.5
98.0,12,9,0.75,5,150.0,2467,2119.376911899619,3,0.25,6,0.5
98.0,12,9,0.75,5,150.0,2468,2120.2360026624483,3,0.25,6,0.5
98.0,12,9,0.75,5,150.0,2469,2121.0950934252774,3,0.25,6,0.5
98.0,12,9,0.75,5,150.0,2470,2121.9541841881064,3,0.25,6,0.5
98.0,12,9,0.75,5,150.0,2471,2122.813274950936,3,0.25,6,0.5
98.0,12,9,0.75,5,150.0,2472,2123.672365713765,3,0.25,6,0.5
98.0,12,9,0.75,5,150.0,2473,2124.531456476594,3,0.25,6,0.5
98.0,12,9,0.75,5,150.0,2474,2125.3905472394235,3,0.25,6,0.5
98.0,12,9,0.75,5,150.0,2475,2126.2496380022526,3,0.25,6,0.5
98.0,12,9,0.75,5,150.0,2476,2127.1087287650817,3,0.25,6,0.5
98.0,12,9,0.75,5,150.0,2477,2127.9678195279107,3,0.25,6,0.5
98.0,12,9,0.75,5,150.0,2478,2128.82691029074,3,0.25,6,0.5
98.0,12,9,0.75,5,150.0,2479,2129.6860010535693,3,0.25,6,0.5
98.0,12,9,0.75,5,150.0,2480,2130.5450918163983,3,0.25,6,0.5
98.0,12,9,0.75,5,150.0,2481,2131.404182579228,3,0.25,6,0.5
98.0,12,9,0.75,5,150.0,2482,2132.263273342057,3,0.25,6,0.5
98.0,12,9,0.75,5,150.0,2483,2133.122364104886,3,0.25,6,0.5
98.0,12,9,0.75,5,150.0,2484,2133.9814548677155,3,0.25,6,0.5
98.0,12,9,0.75,5,150.0,2485,2134.8405456305445,3,0.25,6,0.5
98.0,12,9,0.75,5,150.0,2486,2135.6996363933736,3,0.25,6,0.5
98.0,12,9,0.75,5,150.0,2487,2136.558727156203,3,0.25,6,0.5
98.0,12,9,0.75,5,150.0,2488,2137.417817919032,3,0.25,6,0.5
98.0,12,9,0.75,5,150.0,2489,2138.276908681861,3,0.25,6,0.5
98.0,12,9,0.75,5,150.0,2490,2139.1359994446902,3,0.25,6,0.5
98.0,12,9,0.75,5,150.0,2491,2139.9950902075198,3,0.25,6,0.5
98.0,12,9,0.75,5,150.0,2492,2140.854180970349,3,0.25,6,0.5
98.0,12,9,0.75,5,150.0,2493,2141.713271733178,3,0.25,6,0.5
98.0,12,9,0.75,5,150.0,2494,2142.5723624960074,3,0.25,6,0.5
98.0,12,9,0.75,5,150.0,2495,2143.4314532588364,3,0.25,6,0.5
98.0,12,9,0.75,5,150.0,2496,2144.2905440216655,3,0.25,6,0.5
98.0,12,9,0.75,5,150.0,2497,2145.149634784495,3,0.25,6,0.5
98.0,12,9,0.75,5,150.0,2498,2146.008725547324,3,0.25,6,0.5
98.0,12,9,0.75,5,150.0,2499,2146.867816310153,3,0.25,6,0.5
98.0,12,9,0.75,5,150.0,2500,2147.726907072982,3,0.25,6,0.5
98.0,12,9,0.75,5,150.0,2501,2148.5859978358117,3,0.25,6,0.5
98.0,12,9,0.75,5,150.0,2502,2149.4450885986407,3,0.25,6,0.5
98.0,12,9,0.75,5,150.0,2503,2150.30417936147,3,0.25,6,0.5
98.0,12,9,0.75,5,150.0,2504,2151.1632701242993,3,0.25,6,0.5
98.0,12,9,0.75,5,150.0,2505,2152.0223608871283,3,0.25,6,0.5
98.0,12,9,0.75,5,150.0,2506,2152.8814516499574,3,0.25,6,0.5
98.0,12,9,0.75,5,150.0,2507,2153.740542412787,3,0.25,6,0.5
98.0,12,9,0.75,5,150.0,2508,2154.599633175616,3,0.25,6,0.5
98.0,12,9,0.75,5,150.0,2509,2155.458723938445,3,0.25,6,0.5
98.0,12,9,0.75,5,150.0,2510,2156.317814701274,3,0.25,6,0.5
98.0,12,9,0.75,5,150.0,2511,2157.1769054641036,3,0.25,6,0.5
98.0,12,9,0.75,5,150.0,2512,2158.0359962269326,3,0.25,6,0.5
98.0,12,9,0.75,5,150.0,2513,2158.8950869897617,3,0.25,6,0.5
98.0,12,9,0.75,5,150.0,2514,2159.754177752591,3,0.25,6,0.5
98.0,12,9,0.75,5,150.0,2515,2160.6132685154203,3,0.25,6,0.5
98.0,12,9,0.75,5,150.0,2516,2161.4723592782493,3,0.25,6,0.5
98.0,12,9,0.75,5,150.0,2517,2162.331450041079,3,0.25,6,0.5
98.0,12,9,0.75,5,150.0,2518,2163.190540803908,3,0.25,6,0.5
98.0,12,9,0.75,5,150.0,2519,2164.049631566737,3,0.25,6,0.5
98.0,12,9,0.75,5,150.0,2520,2164.9087223295664,3,0.25,6,0.5
98.0,12,9,0.75,5,150.0,2521,2165.7678130923955,3,0.25,6,0.5
98.0,12,9,0.75,5,150.0,2522,2166.6269038552246,3,0.25,6,0.5
98.0,12,9,0.75,5,150.0,2523,2167.4859946180536,3,0.25,6,0.5
98.0,12,9,0.75,5,150.0,2524,2168.345085380883,3,0.25,6,0.5
98.0,12,9,0.75,5,150.0,2525,2169.204176143712,3,0.25,6,0.5
98.0,12,9,0.75,5,150.0,2526,2170.0632669065412,3,0.25,6,0.5
98.0,12,9,0.75,5,150.0,2527,2170.9223576693707,3,0.25,6,0.5
98.0,12,9,0.75,5,150.0,2528,2171.7814484322,3,0.25,6,0.5
98.0,12,9,0.75,5,150.0,2529,2172.640539195029,3,0.25,6,0.5
98.0,12,9,0.75,5,150.0,2530,2173.4996299578584,3,0.25,6,0.5
98.0,12,9,0.75,5,150.0,2531,2174.3587207206874,3,0.25,6,0.5
98.0,12,9,0.75,5,150.0,2532,2175.2178114835165,3,0.25,6,0.5
98.0,12,9,0.75,5,150.0,2533,2176.0769022463455,3,0.25,6,0.5
98.0,12,9,0.75,5,150.0,2534,2176.935993009175,3,0.25,6,0.5
98.0,12,9,0.75,5,150.0,2535,2177.795083772004,3,0.25,6,0.5
98.0,12,9,0.75,5,150.0,2536,2178.654174534833,3,0.25,6,0.5
98.0,12,9,0.75,5,150.0,2537,2179.5132652976627,3,0.25,6,0.5
98.0,12,9,0.75,5,150.0,2538,2180.3723560604917,3,0.25,6,0.5
98.0,12,9,0.75,5,150.0,2539,2181.2314468233208,3,0.25,6,0.5
98.0,12,9,0.75,5,150.0,2540,2182.0905375861503,3,0.25,6,0.5
98.0,12,9,0.75,5,150.0,2541,2182.9496283489793,3,0.25,6,0.5
98.0,12,9,0.75,5,150.0,2542,2183.8087191118084,3,0.25,6,0.5
98.0,12,9,0.75,5,150.0,2543,2184.6678098746374,3,0.25,6,0.5
98.0,12,9,0.75,5,150.0,2544,2185.526900637467,3,0.25,6,0.5
98.0,12,9,0.75,5,150.0,2545,2186.385991400296,3,0.25,6,0.5
98.0,12,9,0.75,5,150.0,2546,2187.245082163125,3,0.25,6,0.5
98.0,12,9,0.75,5,150.0,2547,2188.1041729259546,3,0.25,6,0.5
98.0,12,9,0.75,5,150.0,2548,2188.9632636887836,3,0.25,6,0.5
98.0,12,9,0.75,5,150.0,2549,2189.8223544516127,3,0.25,6,0.5
98.0,12,9,0.75,5,150.0,2550,2190.681445214442,3,0.25,6,0.5
98.0,12,9,0.75,5,150.0,2551,2191.5405359772712,3,0.25,6,0.5
98.0,12,9,0.75,5,150.0,2552,2192.3996267401003,3,0.25,6,0.5
98.0,12,9,0.75,5,150.0,2553,2193.25871750293,3,0.25,6,0.5
98.0,12,9,0.75,5,150.0,2554,2194.117808265759,3,0.25,6,0.5
98.0,12,9,0.75,5,150.0,2555,2194.976899028588,3,0.25,6,0.5
98.0,12,9,0.75,5,150.0,2556,2195.835989791417,3,0.25,6,0.5
98.0,12,9,0.75,5,150.0,2557,2196.6950805542465,3,0.25,6,0.5
98.0,12,9,0.75,5,150.0,2558,2197.5541713170755,3,0.25,6,0.5
98.0,12,9,0.75,5,150.0,2559,2198.4132620799046,3,0.25,6,0.5
98.0,12,9,0.75,5,150.0,2560,2199.272352842734,3,0.25,6,0.5
98.0,12,9,0.75,5,150.0,2561,2200.131443605563,3,0.25,6,0.5
98.0,12,9,0.75,5,150.0,2562,2200.990534368392,3,0.25,6,0.5
98.0,12,9,0.75,5,150.0,2563,2201.8496251312217,3,0.25,6,0.5
98.0,12,9,0.75,5,150.0,2564,2202.708715894051,3,0.25,6,0.5
98.0,12,9,0.75,5,150.0,2565,2203.56780665688,3,0.25,6,0.5
98.0,12,9,0.75,5,150.0,2566,2204.426897419709,3,0.25,6,0.5
98.0,12,9,0.75,5,150.0,2567,2205.2859881825384,3,0.25,6,0.5
98.0,12,9,0.75,5,150.0,2568,2206.1450789453675,3,0.25,6,0.5
98.0,12,9,0.75,5,150.0,2569,2207.0041697081965,3,0.25,6,0.5
98.0,12,9,0.75,5,150.0,2570,2207.863260471026,3,0.25,6,0.5
98.0,12,9,0.75,5,150.0,2571,2208.722351233855,3,0.25,6,0.5
98.0,12,9,0.75,5,150.0,2572,2209.581441996684,3,0.25,6,0.5
98.0,12,9,0.75,5,150.0,2573,2210.4405327595136,3,0.25,6,0.5
98.0,12,9,0.75,5,150.0,2574,2211.2996235223427,3,0.25,6,0.5
98.0,12,9,0.75,5,150.0,2575,2212.1587142851718,3,0.25,6,0.5
98.0,12,9,0.75,5,150.0,2576,2213.017805048001,3,0.25,6,0.5
98.0,12,9,0.75,5,150.0,2577,2213.8768958108303,3,0.25,6,0.5
98.0,12,9,0.75,5,150.0,2578,2214.7359865736594,3,0.25,6,0.5
98.0,12,9,0.75,5,150.0,2579,2215.5950773364884,3,0.25,6,0.5
98.0,12,9,0.75,5,150.0,2580,2216.454168099318,3,0.25,6,0.5
98.0,12,9,0.75,5,150.0,2581,2217.313258862147,3,0.25,6,0.5
98.0,12,9,0.75,5,150.0,2582,2218.172349624976,3,0.25,6,0.5
98.0,12,9,0.75,5,150.0,2583,2219.0314403878056,3,0.25,6,0.5
98.0,12,9,0.75,5,150.0,2584,2219.8905311506346,3,0.25,6,0.5
98.0,12,9,0.75,5,150.0,2585,2220.7496219134637,3,0.25,6,0.5
98.0,12,9,0.75,5,150.0,2586,2221.608712676293,3,0.25,6,0.5
98.0,12,9,0.75,5,150.0,2587,2222.4678034391222,3,0.25,6,0.5
98.0,12,9,0.75,5,150.0,2588,2223.3268942019513,3,0.25,6,0.5
98.0,12,9,0.75,5,150.0,2589,2224.1859849647803,3,0.25,6,0.5
98.0,12,9,0.75,5,150.0,2590,2225.04507572761,3,0.25,6,0.5
98.0,12,9,0.75,5,150.0,2591,2225.904166490439,3,0.25,6,0.5
98.0,12,9,0.75,5,150.0,2592,2226.763257253268,3,0.25,6,0.5
98.0,12,9,0.75,5,150.0,2593,2227.6223480160975,3,0.25,6,0.5
98.0,12,9,0.75,5,150.0,2594,2228.4814387789265,3,0.25,6,0.5
98.0,12,9,0.75,5,150.0,2595,2229.3405295417556,3,0.25,6,0.5
98.0,12,9,0.75,5,150.0,2596,2230.199620304585,3,0.25,6,0.5
98.0,12,9,0.75,5,150.0,2597,2231.058711067414,3,0.25,6,0.5
98.0,12,9,0.75,5,150.0,2598,2231.917801830243,3,0.25,6,0.5
98.0,12,9,0.75,5,150.0,2599,2232.7768925930723,3,0.25,6,0.5
98.0,12,9,0.75,5,150.0,2600,2233.6359833559018,3,0.25,6,0.5
98.0,12,9,0.75,5,150.0,2601,2234.495074118731,3,0.25,6,0.5
98.0,12,9,0.75,5,150.0,2602,2235.35416488156,3,0.25,6,0.5
98.0,12,9,0.75,5,150.0,2603,2236.2132556443894,3,0.25,6,0.5
98.0,12,9,0.75,5,150.0,2604,2237.0723464072184,3,0.25,6,0.5
98.0,12,9,0.75,5,150.0,2605,2237.9314371700475,3,0.25,6,0.5
98.0,12,9,0.75,5,150.0,2606,2238.790527932877,3,0.25,6,0.5
98.0,12,9,0.75,5,150.0,2607,2239.649618695706,3,0.25,6,0.5
98.0,12,9,0.75,5,150.0,2608,2240.508709458535,3,0.25,6,0.5
98.0,12,9,0.75,5,150.0,2609,2241.367800221364,3,0.25,6,0.5
98.0,12,9,0.75,5,150.0,2610,2242.2268909841937,3,0.25,6,0.5
98.0,12,9,0.75,5,150.0,2611,2243.0859817470227,3,0.25,6,0.5
98.0,12,9,0.75,5,150.0,2612,2243.945072509852,3,0.25,6,0.5
98.0,12,9,0.75,5,150.0,2613,2244.8041632726813,3,0.25,6,0.5
98.0,12,9,0.75,5,150.0,2614,2245.6632540355104,3,0.25,6,0.5
98.0,12,9,0.75,5,150.0,2615,2246.5223447983394,3,0.25,6,0.5
98.0,12,9,0.75,5,150.0,2616,2247.381435561169,3,0.25,6,0.5
98.0,12,9,0.75,5,150.0,2617,2248.240526323998,3,0.25,6,0.5
98.0,12,9,0.75,5,150.0,2618,2249.099617086827,3,0.25,6,0.5
98.0,12,9,0.75,5,150.0,2619,2249.9587078496565,3,0.25,6,0.5
98.0,12,9,0.75,5,150.0,2620,2250.8177986124856,3,0.25,6,0.5
98.0,12,9,0.75,5,150.0,2621,2251.6768893753147,3,0.25,6,0.5
98.0,12,9,0.75,5,150.0,2622,2252.5359801381437,3,0.25,6,0.5
98.0,12,9,0.75,5,150.0,2623,2253.395070900973,3,0.25,6,0.5
98.0,12,9,0.75,5,150.0,2624,2254.2541616638023,3,0.25,6,0.5
98.0,12,9,0.75,5,150.0,2625,2255.1132524266313,3,0.25,6,0.5
98.0,12,9,0.75,5,150.0,2626,2255.972343189461,3,0.25,6,0.5
98.0,12,9,0.75,5,150.0,2627,2256.83143395229,3,0.25,6,0.5
98.0,12,9,0.75,5,150.0,2628,2257.690524715119,3,0.25,6,0.5
98.0,12,9,0.75,5,150.0,2629,2258.5496154779485,3,0.25,6,0.5
98.0,12,9,0.75,5,150.0,2630,2259.4087062407775,3,0.25,6,0.5
98.0,12,9,0.75,5,150.0,2631,2260.2677970036066,3,0.25,6,0.5
98.0,12,9,0.75,5,150.0,2632,2261.1268877664356,3,0.25,6,0.5
98.0,12,9,0.75,5,150.0,2633,2261.985978529265,3,0.25,6,0.5
98.0,12,9,0.75,5,150.0,2634,2262.845069292094,3,0.25,6,0.5
98.0,12,9,0.75,5,150.0,2635,2263.7041600549232,3,0.25,6,0.5
98.0,12,9,0.75,5,150.0,2636,2264.5632508177528,3,0.25,6,0.5
98.0,12,9,0.75,5,150.0,2637,2265.422341580582,3,0.25,6,0.5
98.0,12,9,0.75,5,150.0,2638,2266.281432343411,3,0.25,6,0.5
98.0,12,9,0.75,5,150.0,2639,2267.1405231062404,3,0.25,6,0.5
98.0,12,9,0.75,5,150.0,2640,2267.9996138690694,3,0.25,6,0.5
98.0,12,9,0.75,5,150.0,2641,2268.8587046318985,3,0.25,6,0.5
98.0,12,9,0.75,5,150.0,2642,2269.7177953947275,3,0.25,6,0.5
98.0,12,9,0.75,5,150.0,2643,2270.576886157557,3,0.25,6,0.5
98.0,12,9,0.75,5,150.0,2644,2271.435976920386,3,0.25,6,0.5
98.0,12,9,0.75,5,150.0,2645,2272.295067683215,3,0.25,6,0.5
98.0,12,9,0.75,5,150.0,2646,2273.1541584460447,3,0.25,6,0.5
98.0,12,9,0.75,5,150.0,2647,2274.0132492088737,3,0.25,6,0.5
98.0,12,9,0.75,5,150.0,2648,2274.872339971703,3,0.25,6,0.5
98.0,12,9,0.75,5,150.0,2649,2275.7314307345323,3,0.25,6,0.5
98.0,12,9,0.75,5,150.0,2650,2276.5905214973614,3,0.25,6,0.5
98.0,12,9,0.75,5,150.0,2651,2277.4496122601904,3,0.25,6,0.5
98.0,12,9,0.75,5,150.0,2652,2278.3087030230195,3,0.25,6,0.5
98.0,12,9,0.75,5,150.0,2653,2279.167793785849,3,0.25,6,0.5
98.0,12,9,0.75,5,150.0,2654,2280.026884548678,3,0.25,6,0.5
98.0,12,9,0.75,5,150.0,2655,2280.885975311507,2,0.16666666666666666,7,0.5833333333333334
98.0,12,9,0.75,5,150.0,2656,2281.7450660743366,2,0.16666666666666666,7,0.5833333333333334
98.0,12,9,0.75,5,150.0,2657,2282.6041568371656,2,0.16666666666666666,7,0.5833333333333334
98.0,12,9,0.75,5,150.0,2658,2283.4632475999947,2,0.16666666666666666,7,0.5833333333333334
98.0,12,9,0.75,5,150.0,2659,2284.322338362824,2,0.16666666666666666,7,0.5833333333333334
98.0,12,9,0.75,5,150.0,2660,2285.1814291256533,2,0.16666666666666666,7,0.5833333333333334
98.0,12,9,0.75,5,150.0,2661,2286.0405198884823,2,0.16666666666666666,7,0.5833333333333334
98.0,12,9,0.75,5,150.0,2662,2286.899610651312,2,0.16666666666666666,7,0.5833333333333334
98.0,12,9,0.75,5,150.0,2663,2287.758701414141,2,0.16666666666666666,7,0.5833333333333334
98.0,12,9,0.75,5,150.0,2664,2288.61779217697,2,0.16666666666666666,7,0.5833333333333334
98.0,12,9,0.75,5,150.0,2665,2289.476882939799,2,0.16666666666666666,7,0.5833333333333334
98.0,12,9,0.75,5,150.0,2666,2290.3359737026285,2,0.16666666666666666,7,0.5833333333333334
98.0,12,9,0.75,5,150.0,2667,2291.1950644654576,2,0.16666666666666666,7,0.5833333333333334
98.0,12,9,0.75,5,150.0,2668,2292.0541552282866,2,0.16666666666666666,7,0.5833333333333334
98.0,12,9,0.75,5,150.0,2669,2292.913245991116,2,0.16666666666666666,7,0.5833333333333334
98.0,12,9,0.75,5,150.0,2670,2293.772336753945,2,0.16666666666666666,7,0.5833333333333334
98.0,12,9,0.75,5,150.0,2671,2294.6314275167742,2,0.16666666666666666,7,0.5833333333333334
98.0,12,9,0.75,5,150.0,2672,2295.4905182796037,2,0.16666666666666666,7,0.5833333333333334
98.0,12,9,0.75,5,150.0,2673,2296.349609042433,2,0.16666666666666666,7,0.5833333333333334
98.0,12,9,0.75,5,150.0,2674,2297.208699805262,2,0.16666666666666666,7,0.5833333333333334
98.0,12,9,0.75,5,150.0,2675,2298.067790568091,2,0.16666666666666666,7,0.5833333333333334
98.0,12,9,0.75,5,150.0,2676,2298.9268813309204,2,0.16666666666666666,7,0.5833333333333334
98.0,12,9,0.75,5,150.0,2677,2299.7859720937495,2,0.16666666666666666,7,0.5833333333333334
98.0,12,9,0.75,5,150.0,2678,2300.6450628565785,2,0.16666666666666666,7,0.5833333333333334
98.0,12,9,0.75,5,150.0,2679,2301.504153619408,2,0.16666666666666666,7,0.5833333333333334
98.0,12,9,0.75,5,150.0,2680,2302.363244382237,2,0.16666666666666666,7,0.5833333333333334
98.0,12,9,0.75,5,150.0,2681,2303.222335145066,2,0.16666666666666666,7,0.5833333333333334
98.0,12,9,0.75,5,150.0,2682,2304.0814259078957,2,0.16666666666666666,7,0.5833333333333334
98.0,12,9,0.75,5,150.0,2683,2304.9405166707247,2,0.16666666666666666,7,0.5833333333333334
98.0,12,9,0.75,5,150.0,2684,2305.799607433554,2,0.16666666666666666,7,0.5833333333333334
98.0,12,9,0.75,5,150.0,2685,2306.658698196383,2,0.16666666666666666,7,0.5833333333333334
98.0,12,9,0.75,5,150.0,2686,2307.5177889592123,2,0.16666666666666666,7,0.5833333333333334
98.0,12,9,0.75,5,150.0,2687,2308.3768797220414,2,0.16666666666666666,7,0.5833333333333334
98.0,12,9,0.75,5,150.0,2688,2309.2359704848704,2,0.16666666666666666,7,0.5833333333333334
98.0,12,9,0.75,5,150.0,2689,2310.0950612477,2,0.16666666666666666,7,0.5833333333333334
98.0,12,9,0.75,5,150.0,2690,2310.954152010529,2,0.16666666666666666,7,0.5833333333333334
98.0,12,9,0.75,5,150.0,2691,2311.813242773358,2,0.16666666666666666,7,0.5833333333333334
98.0,12,9,0.75,5,150.0,2692,2312.6723335361876,2,0.16666666666666666,7,0.5833333333333334
98.0,12,9,0.75,5,150.0,2693,2313.5314242990166,2,0.16666666666666666,7,0.5833333333333334
98.0,12,9,0.75,5,150.0,2694,2314.3905150618457,2,0.16666666666666666,7,0.5833333333333334
98.0,12,9,0.75,5,150.0,2695,2315.249605824675,2,0.16666666666666666,7,0.5833333333333334
98.0,12,9,0.75,5,150.0,2696,2316.1086965875043,2,0.16666666666666666,7,0.5833333333333334
98.0,12,9,0.75,5,150.0,2697,2316.9677873503333,2,0.16666666666666666,7,0.5833333333333334
98.0,12,9,0.75,5,150.0,2698,2317.8268781131624,2,0.16666666666666666,7,0.5833333333333334
98.0,12,9,0.75,5,150.0,2699,2318.685968875992,2,0.16666666666666666,7,0.5833333333333334
98.0,12,9,0.75,5,150.0,2700,2319.545059638821,2,0.16666666666666666,7,0.5833333333333334
98.0,12,9,0.75,5,150.0,2701,2320.40415040165,2,0.16666666666666666,7,0.5833333333333334
98.0,12,9,0.75,5,150.0,2702,2321.2632411644795,2,0.16666666666666666,7,0.5833333333333334
98.0,12,9,0.75,5,150.0,2703,2322.1223319273086,2,0.16666666666666666,7,0.5833333333333334
98.0,12,9,0.75,5,150.0,2704,2322.9814226901376,2,0.16666666666666666,7,0.5833333333333334
98.0,12,9,0.75,5,150.0,2705,2323.840513452967,2,0.16666666666666666,7,0.5833333333333334
98.0,12,9,0.75,5,150.0,2706,2324.699604215796,2,0.16666666666666666,7,0.5833333333333334
98.0,12,9,0.75,5,150.0,2707,2325.558694978625,2,0.16666666666666666,7,0.5833333333333334
98.0,12,9,0.75,5,150.0,2708,2326.4177857414543,2,0.16666666666666666,7,0.5833333333333334
98.0,12,9,0.75,5,150.0,2709,2327.276876504284,2,0.16666666666666666,7,0.5833333333333334
98.0,12,9,0.75,5,150.0,2710,2328.135967267113,2,0.16666666666666666,7,0.5833333333333334
98.0,12,9,0.75,5,150.0,2711,2328.995058029942,2,0.16666666666666666,7,0.5833333333333334
98.0,12,9,0.75,5,150.0,2712,2329.8541487927714,2,0.16666666666666666,7,0.5833333333333334
98.0,12,9,0.75,5,150.0,2713,2330.7132395556005,2,0.16666666666666666,7,0.5833333333333334
98.0,12,9,0.75,5,150.0,2714,2331.5723303184295,2,0.16666666666666666,7,0.5833333333333334
98.0,12,9,0.75,5,150.0,2715,2332.431421081259,2,0.16666666666666666,7,0.5833333333333334
98.0,12,9,0.75,5,150.0,2716,2333.290511844088,2,0.16666666666666666,7,0.5833333333333334
98.0,12,9,0.75,5,150.0,2717,2334.149602606917,2,0.16666666666666666,7,0.5833333333333334
98.0,12,9,0.75,5,150.0,2718,2335.008693369746,2,0.16666666666666666,7,0.5833333333333334
98.0,12,9,0.75,5,150.0,2719,2335.8677841325757,2,0.16666666666666666,7,0.5833333333333334
98.0,12,9,0.75,5,150.0,2720,2336.7268748954048,2,0.16666666666666666,7,0.5833333333333334
98.0,12,9,0.75,5,150.0,2721,2337.585965658234,2,0.16666666666666666,7,0.5833333333333334
98.0,12,9,0.75,5,150.0,2722,2338.4450564210633,2,0.16666666666666666,7,0.5833333333333334
98.0,12,9,0.75,5,150.0,2723,2339.3041471838924,2,0.16666666666666666,7,0.5833333333333334
98.0,12,9,0.75,5,150.0,2724,2340.1632379467214,2,0.16666666666666666,7,0.5833333333333334
98.0,12,9,0.75,5,150.0,2725,2341.022328709551,2,0.16666666666666666,7,0.5833333333333334
98.0,12,9,0.75,5,150.0,2726,2341.88141947238,2,0.16666666666666666,7,0.5833333333333334
98.0,12,9,0.75,5,150.0,2727,2342.740510235209,2,0.16666666666666666,7,0.5833333333333334
98.0,12,9,0.75,5,150.0,2728,2343.5996009980386,2,0.16666666666666666,7,0.5833333333333334
98.0,12,9,0.75,5,150.0,2729,2344.4586917608676,2,0.16666666666666666,7,0.5833333333333334
98.0,12,9,0.75,5,150.0,2730,2345.3177825236967,2,0.16666666666666666,7,0.5833333333333334
98.0,12,9,0.75,5,150.0,2731,2346.1768732865257,2,0.16666666666666666,7,0.5833333333333334
98.0,12,9,0.75,5,150.0,2732,2347.0359640493552,2,0.16666666666666666,7,0.5833333333333334
98.0,12,9,0.75,5,150.0,2733,2347.8950548121843,2,0.16666666666666666,7,0.5833333333333334
98.0,12,9,0.75,5,150.0,2734,2348.7541455750134,2,0.16666666666666666,7,0.5833333333333334
98.0,12,9,0.75,5,150.0,2735,2349.613236337843,2,0.16666666666666666,7,0.5833333333333334
98.0,12,9,0.75,5,150.0,2736,2350.472327100672,2,0.16666666666666666,7,0.5833333333333334
98.0,12,9,0.75,5,150.0,2737,2351.331417863501,2,0.16666666666666666,7,0.5833333333333334
98.0,12,9,0.75,5,150.0,2738,2352.1905086263305,2,0.16666666666666666,7,0.5833333333333334
98.0,12,9,0.75,5,150.0,2739,2353.0495993891595,2,0.16666666666666666,7,0.5833333333333334
98.0,12,9,0.75,5,150.0,2740,2353.9086901519886,2,0.16666666666666666,7,0.5833333333333334
98.0,12,9,0.75,5,150.0,2741,2354.7677809148176,2,0.16666666666666666,7,0.5833333333333334
98.0,12,9,0.75,5,150.0,2742,2355.626871677647,2,0.16666666666666666,7,0.5833333333333334
98.0,12,9,0.75,5,150.0,2743,2356.485962440476,2,0.16666666666666666,7,0.5833333333333334
98.0,12,9,0.75,5,150.0,2744,2357.3450532033053,2,0.16666666666666666,7,0.5833333333333334
98.0,12,9,0.75,5,150.0,2745,2358.204143966135,2,0.16666666666666666,7,0.5833333333333334
98.0,12,9,0.75,5,150.0,2746,2359.063234728964,2,0.16666666666666666,7,0.5833333333333334
98.0,12,9,0.75,5,150.0,2747,2359.922325491793,2,0.16666666666666666,7,0.5833333333333334
98.0,12,9,0.75,5,150.0,2748,2360.7814162546224,2,0.16666666666666666,7,0.5833333333333334
98.0,12,9,0.75,5,150.0,2749,2361.6405070174515,2,0.16666666666666666,7,0.5833333333333334
98.0,12,9,0.75,5,150.0,2750,2362.4995977802805,2,0.16666666666666666,7,0.5833333333333334
98.0,12,9,0.75,5,150.0,2751,2363.3586885431096,2,0.16666666666666666,7,0.5833333333333334
98.0,12,9,0.75,5,150.0,2752,2364.217779305939,2,0.16666666666666666,7,0.5833333333333334
98.0,12,9,0.75,5,150.0,2753,2365.076870068768,2,0.16666666666666666,7,0.5833333333333334
98.0,12,9,0.75,5,150.0,2754,2365.935960831597,2,0.16666666666666666,7,0.5833333333333334
98.0,12,9,0.75,5,150.0,2755,2366.7950515944267,2,0.16666666666666666,7,0.5833333333333334
98.0,12,9,0.75,5,150.0,2756,2367.6541423572558,2,0.16666666666666666,7,0.5833333333333334
98.0,12,9,0.75,5,150.0,2757,2368.513233120085,2,0.16666666666666666,7,0.5833333333333334
98.0,12,9,0.75,5,150.0,2758,2369.3723238829143,2,0.16666666666666666,7,0.5833333333333334
98.0,12,9,0.75,5,150.0,2759,2370.2314146457434,2,0.16666666666666666,7,0.5833333333333334
98.0,12,9,0.75,5,150.0,2760,2371.0905054085724,2,0.16666666666666666,7,0.5833333333333334
98.0,12,9,0.75,5,150.0,2761,2371.949596171402,2,0.16666666666666666,7,0.5833333333333334
98.0,12,9,0.75,5,150.0,2762,2372.808686934231,2,0.16666666666666666,7,0.5833333333333334
98.0,12,9,0.75,5,150.0,2763,2373.66777769706,2,0.16666666666666666,7,0.5833333333333334
98.0,12,9,0.75,5,150.0,2764,2374.526868459889,2,0.16666666666666666,7,0.5833333333333334
98.0,12,9,0.75,5,150.0,2765,2375.3859592227186,2,0.16666666666666666,7,0.5833333333333334
98.0,12,9,0.75,5,150.0,2766,2376.2450499855477,2,0.16666666666666666,7,0.5833333333333334
98.0,12,9,0.75,5,150.0,2767,2377.1041407483767,2,0.16666666666666666,7,0.5833333333333334
98.0,12,9,0.75,5,150.0,2768,2377.9632315112062,2,0.16666666666666666,7,0.5833333333333334
98.0,12,9,0.75,5,150.0,2769,2378.8223222740353,2,0.16666666666666666,7,0.5833333333333334
98.0,12,9,0.75,5,150.0,2770,2379.6814130368643,2,0.16666666666666666,7,0.5833333333333334
98.0,12,9,0.75,5,150.0,2771,2380.540503799694,2,0.16666666666666666,7,0.5833333333333334
98.0,12,9,0.75,5,150.0,2772,2381.399594562523,2,0.16666666666666666,7,0.5833333333333334
98.0,12,9,0.75,5,150.0,2773,2382.258685325352,2,0.16666666666666666,7,0.5833333333333334
98.0,12,9,0.75,5,150.0,2774,2383.117776088181,2,0.16666666666666666,7,0.5833333333333334
98.0,12,9,0.75,5,150.0,2775,2383.9768668510105,2,0.16666666666666666,7,0.5833333333333334
98.0,12,9,0.75,5,150.0,2776,2384.8359576138396,2,0.16666666666666666,7,0.5833333333333334
98.0,12,9,0.75,5,150.0,2777,2385.6950483766686,2,0.16666666666666666,7,0.5833333333333334
98.0,12,9,0.75,5,150.0,2778,2386.554139139498,2,0.16666666666666666,7,0.5833333333333334
98.0,12,9,0.75,5,150.0,2779,2387.413229902327,2,0.16666666666666666,7,0.5833333333333334
98.0,12,9,0.75,5,150.0,2780,2388.2723206651563,2,0.16666666666666666,7,0.5833333333333334
98.0,12,9,0.75,5,150.0,2781,2389.1314114279858,2,0.16666666666666666,7,0.5833333333333334
98.0,12,9,0.75,5,150.0,2782,2389.990502190815,2,0.16666666666666666,7,0.5833333333333334
98.0,12,9,0.75,5,150.0,2783,2390.849592953644,2,0.16666666666666666,7,0.5833333333333334
98.0,12,9,0.75,5,150.0,2784,2391.708683716473,2,0.16666666666666666,7,0.5833333333333334
98.0,12,9,0.75,5,150.0,2785,2392.5677744793024,2,0.16666666666666666,7,0.5833333333333334
98.0,12,9,0.75,5,150.0,2786,2393.4268652421315,2,0.16666666666666666,7,0.5833333333333334
98.0,12,9,0.75,5,150.0,2787,2394.2859560049606,2,0.16666666666666666,7,0.5833333333333334
98.0,12,9,0.75,5,150.0,2788,2395.14504676779,2,0.16666666666666666,7,0.5833333333333334
98.0,12,9,0.75,5,150.0,2789,2396.004137530619,2,0.16666666666666666,7,0.5833333333333334
98.0,12,9,0.75,5,150.0,2790,2396.863228293448,2,0.16666666666666666,7,0.5833333333333334
98.0,12,9,0.75,5,150.0,2791,2397.7223190562777,2,0.16666666666666666,7,0.5833333333333334
98.0,12,9,0.75,5,150.0,2792,2398.5814098191067,2,0.16666666666666666,7,0.5833333333333334
98.0,12,9,0.75,5,150.0,2793,2399.440500581936,2,0.16666666666666666,7,0.5833333333333334
98.0,12,9,0.75,5,150.0,2794,2400.2995913447653,2,0.16666666666666666,7,0.5833333333333334
98.0,12,9,0.75,5,150.0,2795,2401.1586821075944,2,0.16666666666666666,7,0.5833333333333334
98.0,12,9,0.75,5,150.0,2796,2402.0177728704234,2,0.16666666666666666,7,0.5833333333333334
98.0,12,9,0.75,5,150.0,2797,2402.8768636332525,2,0.16666666666666666,7,0.5833333333333334
98.0,12,9,0.75,5,150.0,2798,2403.735954396082,2,0.16666666666666666,7,0.5833333333333334
98.0,12,9,0.75,5,150.0,2799,2404.595045158911,2,0.16666666666666666,7,0.5833333333333334
98.0,12,9,0.75,5,150.0,2800,2405.45413592174,2,0.16666666666666666,7,0.5833333333333334
98.0,12,9,0.75,5,150.0,2801,2406.3132266845696,2,0.16666666666666666,7,0.5833333333333334
98.0,12,9,0.75,5,150.0,2802,2407.1723174473987,2,0.16666666666666666,7,0.5833333333333334
98.0,12,9,0.75,5,150.0,2803,2408.0314082102277,2,0.16666666666666666,7,0.5833333333333334
98.0,12,9,0.75,5,150.0,2804,2408.890498973057,2,0.16666666666666666,7,0.5833333333333334
98.0,12,9,0.75,5,150.0,2805,2409.7495897358863,2,0.16666666666666666,7,0.5833333333333334
98.0,12,9,0.75,5,150.0,2806,2410.6086804987153,2,0.16666666666666666,7,0.5833333333333334
98.0,12,9,0.75,5,150.0,2807,2411.4677712615444,2,0.16666666666666666,7,0.5833333333333334
98.0,12,9,0.75,5,150.0,2808,2412.326862024374,2,0.16666666666666666,7,0.5833333333333334
98.0,12,9,0.75,5,150.0,2809,2413.185952787203,2,0.16666666666666666,7,0.5833333333333334
98.0,12,9,0.75,5,150.0,2810,2414.045043550032,2,0.16666666666666666,7,0.5833333333333334
98.0,12,9,0.75,5,150.0,2811,2414.9041343128615,2,0.16666666666666666,7,0.5833333333333334
98.0,12,9,0.75,5,150.0,2812,2415.7632250756906,2,0.16666666666666666,7,0.5833333333333334
98.0,12,9,0.75,5,150.0,2813,2416.6223158385196,2,0.16666666666666666,7,0.5833333333333334
98.0,12,9,0.75,5,150.0,2814,2417.481406601349,2,0.16666666666666666,7,0.5833333333333334
98.0,12,9,0.75,5,150.0,2815,2418.340497364178,2,0.16666666666666666,7,0.5833333333333334
98.0,12,9,0.75,5,150.0,2816,2419.1995881270072,2,0.16666666666666666,7,0.5833333333333334
98.0,12,9,0.75,5,150.0,2817,2420.0586788898363,2,0.16666666666666666,7,0.5833333333333334
98.0,12,9,0.75,5,150.0,2818,2420.917769652666,2,0.16666666666666666,7,0.5833333333333334
98.0,12,9,0.75,5,150.0,2819,2421.776860415495,2,0.16666666666666666,7,0.5833333333333334
98.0,12,9,0.75,5,150.0,2820,2422.635951178324,2,0.16666666666666666,7,0.5833333333333334
98.0,12,9,0.75,5,150.0,2821,2423.4950419411534,2,0.16666666666666666,7,0.5833333333333334
98.0,12,9,0.75,5,150.0,2822,2424.3541327039825,2,0.16666666666666666,7,0.5833333333333334
98.0,12,9,0.75,5,150.0,2823,2425.2132234668115,2,0.16666666666666666,7,0.5833333333333334
98.0,12,9,0.75,5,150.0,2824,2426.072314229641,2,0.16666666666666666,7,0.5833333333333334
98.0,12,9,0.75,5,150.0,2825,2426.93140499247,2,0.16666666666666666,7,0.5833333333333334
98.0,12,9,0.75,5,150.0,2826,2427.790495755299,2,0.16666666666666666,7,0.5833333333333334
98.0,12,9,0.75,5,150.0,2827,2428.6495865181287,2,0.16666666666666666,7,0.5833333333333334
98.0,12,9,0.75,5,150.0,2828,2429.5086772809577,2,0.16666666666666666,7,0.5833333333333334
98.0,12,9,0.75,5,150.0,2829,2430.367768043787,2,0.16666666666666666,7,0.5833333333333334
98.0,12,9,0.75,5,150.0,2830,2431.226858806616,2,0.16666666666666666,7,0.5833333333333334
98.0,12,9,0.75,5,150.0,2831,2432.0859495694453,2,0.16666666666666666,7,0.5833333333333334
98.0,12,9,0.75,5,150.0,2832,2432.9450403322744,2,0.16666666666666666,7,0.5833333333333334
98.0,12,9,0.75,5,150.0,2833,2433.8041310951035,2,0.16666666666666666,7,0.5833333333333334
98.0,12,9,0.75,5,150.0,2834,2434.663221857933,2,0.16666666666666666,7,0.5833333333333334
98.0,12,9,0.75,5,150.0,2835,2435.522312620762,2,0.16666666666666666,7,0.5833333333333334
98.0,12,9,0.75,5,150.0,2836,2436.381403383591,2,0.16666666666666666,7,0.5833333333333334
98.0,12,9,0.75,5,150.0,2837,2437.2404941464206,2,0.16666666666666666,7,0.5833333333333334
98.0,12,9,0.75,5,150.0,2838,2438.0995849092496,2,0.16666666666666666,7,0.5833333333333334
98.0,12,9,0.75,5,150.0,2839,2438.9586756720787,2,0.16666666666666666,7,0.5833333333333334
98.0,12,9,0.75,5,150.0,2840,2439.8177664349078,2,0.16666666666666666,7,0.5833333333333334
98.0,12,9,0.75,5,150.0,2841,2440.6768571977373,2,0.16666666666666666,7,0.5833333333333334
98.0,12,9,0.75,5,150.0,2842,2441.5359479605663,2,0.16666666666666666,7,0.5833333333333334
98.0,12,9,0.75,5,150.0,2843,2442.3950387233954,2,0.16666666666666666,7,0.5833333333333334
98.0,12,9,0.75,5,150.0,2844,2443.254129486225,2,0.16666666666666666,7,0.5833333333333334
98.0,12,9,0.75,5,150.0,2845,2444.113220249054,2,0.16666666666666666,7,0.5833333333333334
98.0,12,9,0.75,5,150.0,2846,2444.972311011883,2,0.16666666666666666,7,0.5833333333333334
98.0,12,9,0.75,5,150.0,2847,2445.8314017747125,2,0.16666666666666666,7,0.5833333333333334
98.0,12,9,0.75,5,150.0,2848,2446.6904925375416,2,0.16666666666666666,7,0.5833333333333334
98.0,12,9,0.75,5,150.0,2849,2447.5495833003706,2,0.16666666666666666,7,0.5833333333333334
98.0,12,9,0.75,5,150.0,2850,2448.4086740631997,2,0.16666666666666666,7,0.5833333333333334
98.0,12,9,0.75,5,150.0,2851,2449.267764826029,2,0.16666666666666666,7,0.5833333333333334
98.0,12,9,0.75,5,150.0,2852,2450.1268555888582,2,0.16666666666666666,7,0.5833333333333334
98.0,12,9,0.75,5,150.0,2853,2450.9859463516873,2,0.16666666666666666,7,0.5833333333333334
98.0,12,9,0.75,5,150.0,2854,2451.845037114517,2,0.16666666666666666,7,0.5833333333333334
98.0,12,9,0.75,5,150.0,2855,2452.704127877346,2,0.16666666666666666,7,0.5833333333333334
98.0,12,9,0.75,5,150.0,2856,2453.563218640175,2,0.16666666666666666,7,0.5833333333333334
98.0,12,9,0.75,5,150.0,2857,2454.4223094030044,2,0.16666666666666666,7,0.5833333333333334
98.0,12,9,0.75,5,150.0,2858,2455.2814001658335,2,0.16666666666666666,7,0.5833333333333334
98.0,12,9,0.75,5,150.0,2859,2456.1404909286625,2,0.16666666666666666,7,0.5833333333333334
98.0,12,9,0.75,5,150.0,2860,2456.999581691492,2,0.16666666666666666,7,0.5833333333333334
98.0,12,9,0.75,5,150.0,2861,2457.858672454321,2,0.16666666666666666,7,0.5833333333333334
98.0,12,9,0.75,5,150.0,2862,2458.71776321715,2,0.16666666666666666,7,0.5833333333333334
98.0,12,9,0.75,5,150.0,2863,2459.576853979979,2,0.16666666666666666,7,0.5833333333333334
98.0,12,9,0.75,5,150.0,2864,2460.4359447428087,2,0.16666666666666666,7,0.5833333333333334
98.0,12,9,0.75,5,150.0,2865,2461.2950355056378,2,0.16666666666666666,7,0.5833333333333334
98.0,12,9,0.75,5,150.0,2866,2462.154126268467,2,0.16666666666666666,7,0.5833333333333334
98.0,12,9,0.75,5,150.0,2867,2463.0132170312963,2,0.16666666666666666,7,0.5833333333333334
98.0,12,9,0.75,5,150.0,2868,2463.8723077941254,2,0.16666666666666666,7,0.5833333333333334
98.0,12,9,0.75,5,150.0,2869,2464.7313985569544,2,0.16666666666666666,7,0.5833333333333334
98.0,12,9,0.75,5,150.0,2870,2465.590489319784,2,0.16666666666666666,7,0.5833333333333334
98.0,12,9,0.75,5,150.0,2871,2466.449580082613,3,0.25,6,0.5
98.0,12,9,0.75,5,150.0,2872,2467.308670845442,3,0.25,6,0.5
98.0,12,9,0.75,5,150.0,2873,2468.167761608271,3,0.25,6,0.5
98.0,12,9,0.75,5,150.0,2874,2469.0268523711006,3,0.25,6,0.5
98.0,12,9,0.75,5,150.0,2875,2469.8859431339297,3,0.25,6,0.5
98.0,12,9,0.75,5,150.0,2876,2470.7450338967587,3,0.25,6,0.5
98.0,12,9,0.75,5,150.0,2877,2471.6041246595883,3,0.25,6,0.5
98.0,12,9,0.75,5,150.0,2878,2472.4632154224173,3,0.25,6,0.5
98.0,12,9,0.75,5,150.0,2879,2473.3223061852464,3,0.25,6,0.5
98.0,12,9,0.75,5,150.0,2880,2474.181396948076,3,0.25,6,0.5
98.0,12,9,0.75,5,150.0,2881,2475.040487710905,3,0.25,6,0.5
98.0,12,9,0.75,5,150.0,2882,2475.899578473734,3,0.25,6,0.5
98.0,12,9,0.75,5,150.0,2883,2476.758669236563,3,0.25,6,0.5
98.0,12,9,0.75,5,150.0,2884,2477.6177599993925,3,0.25,6,0.5
98.0,12,9,0.75,5,150.0,2885,2478.4768507622216,3,0.25,6,0.5
98.0,12,9,0.75,5,150.0,2886,2479.3359415250507,3,0.25,6,0.5
98.0,12,9,0.75,5,150.0,2887,2480.19503228788,3,0.25,6,0.5
98.0,12,9,0.75,5,150.0,2888,2481.054123050709,3,0.25,6,0.5
98.0,12,9,0.75,5,150.0,2889,2481.9132138135383,3,0.25,6,0.5
98.0,12,9,0.75,5,150.0,2890,2482.772304576368,3,0.25,6,0.5
98.0,12,9,0.75,5,150.0,2891,2483.631395339197,3,0.25,6,0.5
98.0,12,9,0.75,5,150.0,2892,2484.490486102026,3,0.25,6,0.5
98.0,12,9,0.75,5,150.0,2893,2485.3495768648554,3,0.25,6,0.5
98.0,12,9,0.75,5,150.0,2894,2486.2086676276845,3,0.25,6,0.5
98.0,12,9,0.75,5,150.0,2895,2487.0677583905135,3,0.25,6,0.5
98.0,12,9,0.75,5,150.0,2896,2487.9268491533426,3,0.25,6,0.5
98.0,12,9,0.75,5,150.0,2897,2488.785939916172,3,0.25,6,0.5
98.0,12,9,0.75,5,150.0,2898,2489.645030679001,3,0.25,6,0.5
98.0,12,9,0.75,5,150.0,2899,2490.50412144183,4,0.3333333333333333,5,0.4166666666666667
98.0,12,9,0.75,5,150.0,2900,2491.3632122046597,5,0.4166666666666667,4,0.3333333333333333
98.0,12,9,0.75,5,150.0,2901,2492.2223029674888,5,0.4166666666666667,4,0.3333333333333333
98.0,12,9,0.75,5,150.0,2902,2493.081393730318,5,0.4166666666666667,4,0.3333333333333333
98.0,12,9,0.75,5,150.0,2903,2493.9404844931473,5,0.4166666666666667,4,0.3333333333333333
98.0,12,9,0.75,5,150.0,2904,2494.7995752559764,5,0.4166666666666667,4,0.3333333333333333
98.0,12,9,0.75,5,150.0,2905,2495.6586660188054,5,0.4166666666666667,4,0.3333333333333333
98.0,12,9,0.75,5,150.0,2906,2496.5177567816345,5,0.4166666666666667,4,0.3333333333333333
98.0,12,9,0.75,5,150.0,2907,2497.376847544464,5,0.4166666666666667,4,0.3333333333333333
98.0,12,9,0.75,5,150.0,2908,2498.235938307293,5,0.4166666666666667,4,0.3333333333333333
98.0,12,9,0.75,5,150.0,2909,2499.095029070122,5,0.4166666666666667,4,0.3333333333333333
98.0,12,9,0.75,5,150.0,2910,2499.9541198329516,5,0.4166666666666667,4,0.3333333333333333
98.0,12,9,0.75,5,150.0,2911,2500.8132105957807,5,0.4166666666666667,4,0.3333333333333333
98.0,12,9,0.75,5,150.0,2912,2501.6723013586097,5,0.4166666666666667,4,0.3333333333333333
98.0,12,9,0.75,5,150.0,2913,2502.5313921214392,5,0.4166666666666667,4,0.3333333333333333
98.0,12,9,0.75,5,150.0,2914,2503.3904828842683,5,0.4166666666666667,4,0.3333333333333333
98.0,12,9,0.75,5,150.0,2915,2504.2495736470973,5,0.4166666666666667,4,0.3333333333333333
98.0,12,9,0.75,5,150.0,2916,2505.1086644099264,5,0.4166666666666667,4,0.3333333333333333
98.0,12,9,0.75,5,150.0,2917,2505.967755172756,5,0.4166666666666667,4,0.3333333333333333
98.0,12,9,0.75,5,150.0,2918,2506.826845935585,5,0.4166666666666667,4,0.3333333333333333
98.0,12,9,0.75,5,150.0,2919,2507.685936698414,5,0.4166666666666667,4,0.3333333333333333
98.0,12,9,0.75,5,150.0,2920,2508.5450274612435,5,0.4166666666666667,4,0.3333333333333333
98.0,12,9,0.75,5,150.0,2921,2509.4041182240726,5,0.4166666666666667,4,0.3333333333333333
98.0,12,9,0.75,5,150.0,2922,2510.2632089869016,5,0.4166666666666667,4,0.3333333333333333
98.0,12,9,0.75,5,150.0,2923,2511.122299749731,5,0.4166666666666667,4,0.3333333333333333
98.0,12,9,0.75,5,150.0,2924,2511.98139051256,5,0.4166666666666667,4,0.3333333333333333
98.0,12,9,0.75,5,150.0,2925,2512.8404812753893,5,0.4166666666666667,4,0.3333333333333333
98.0,12,9,0.75,5,150.0,2926,2513.699572038219,5,0.4166666666666667,4,0.3333333333333333
98.0,12,9,0.75,5,150.0,2927,2514.558662801048,5,0.4166666666666667,4,0.3333333333333333
98.0,12,9,0.75,5,150.0,2928,2515.417753563877,5,0.4166666666666667,4,0.3333333333333333
98.0,12,9,0.75,5,150.0,2929,2516.276844326706,5,0.4166666666666667,4,0.3333333333333333
98.0,12,9,0.75,5,150.0,2930,2517.1359350895355,5,0.4166666666666667,4,0.3333333333333333
98.0,12,9,0.75,5,150.0,2931,2517.9950258523645,5,0.4166666666666667,4,0.3333333333333333
98.0,12,9,0.75,5,150.0,2932,2518.8541166151936,5,0.4166666666666667,4,0.3333333333333333
98.0,12,9,0.75,5,150.0,2933,2519.713207378023,5,0.4166666666666667,4,0.3333333333333333
98.0,12,9,0.75,5,150.0,2934,2520.572298140852,5,0.4166666666666667,4,0.3333333333333333
98.0,12,9,0.75,5,150.0,2935,2521.431388903681,5,0.4166666666666667,4,0.3333333333333333
98.0,12,9,0.75,5,150.0,2936,2522.2904796665107,5,0.4166666666666667,4,0.3333333333333333
98.0,12,9,0.75,5,150.0,2937,2523.1495704293397,5,0.4166666666666667,4,0.3333333333333333
98.0,12,9,0.75,5,150.0,2938,2524.008661192169,5,0.4166666666666667,4,0.3333333333333333
98.0,12,9,0.75,5,150.0,2939,2524.867751954998,5,0.4166666666666667,4,0.3333333333333333
98.0,12,9,0.75,5,150.0,2940,2525.7268427178274,5,0.4166666666666667,4,0.3333333333333333
98.0,12,9,0.75,5,150.0,2941,2526.5859334806564,5,0.4166666666666667,4,0.3333333333333333
98.0,12,9,0.75,5,150.0,2942,2527.4450242434855,5,0.4166666666666667,4,0.3333333333333333
98.0,12,9,0.75,5,150.0,2943,2528.304115006315,5,0.4166666666666667,4,0.3333333333333333
98.0,12,9,0.75,5,150.0,2944,2529.163205769144,5,0.4166666666666667,4,0.3333333333333333
98.0,12,9,0.75,5,150.0,2945,2530.022296531973,5,0.4166666666666667,4,0.3333333333333333
98.0,12,9,0.75,5,150.0,2946,2530.8813872948026,5,0.4166666666666667,4,0.3333333333333333
98.0,12,9,0.75,5,150.0,2947,2531.7404780576317,5,0.4166666666666667,4,0.3333333333333333
98.0,12,9,0.75,5,150.0,2948,2532.5995688204607,5,0.4166666666666667,4,0.3333333333333333
98.0,12,9,0.75,5,150.0,2949,2533.45865958329,5,0.4166666666666667,4,0.3333333333333333
98.0,12,9,0.75,5,150.0,2950,2534.3177503461193,5,0.4166666666666667,4,0.3333333333333333
98.0,12,9,0.75,5,150.0,2951,2535.1768411089483,5,0.4166666666666667,4,0.3333333333333333
98.0,12,9,0.75,5,150.0,2952,2536.0359318717774,5,0.4166666666666667,4,0.3333333333333333
98.0,12,9,0.75,5,150.0,2953,2536.895022634607,5,0.4166666666666667,4,0.3333333333333333
98.0,12,9,0.75,5,150.0,2954,2537.754113397436,5,0.4166666666666667,4,0.3333333333333333
98.0,12,9,0.75,5,150.0,2955,2538.613204160265,5,0.4166666666666667,4,0.3333333333333333
98.0,12,9,0.75,5,150.0,2956,2539.4722949230945,5,0.4166666666666667,4,0.3333333333333333
98.0,12,9,0.75,5,150.0,2957,2540.3313856859236,5,0.4166666666666667,4,0.3333333333333333
98.0,12,9,0.75,5,150.0,2958,2541.1904764487526,5,0.4166666666666667,4,0.3333333333333333
98.0,12,9,0.75,5,150.0,2959,2542.049567211582,5,0.4166666666666667,4,0.3333333333333333
98.0,12,9,0.75,5,150.0,2960,2542.908657974411,5,0.4166666666666667,4,0.3333333333333333
98.0,12,9,0.75,5,150.0,2961,2543.7677487372403,5,0.4166666666666667,4,0.3333333333333333
98.0,12,9,0.75,5,150.0,2962,2544.6268395000693,5,0.4166666666666667,4,0.3333333333333333
98.0,12,9,0.75,5,150.0,2963,2545.485930262899,5,0.4166666666666667,4,0.3333333333333333
98.0,12,9,0.75,5,150.0,2964,2546.345021025728,5,0.4166666666666667,4,0.3333333333333333
98.0,12,9,0.75,5,150.0,2965,2547.204111788557,5,0.4166666666666667,4,0.3333333333333333
98.0,12,9,0.75,5,150.0,2966,2548.0632025513864,5,0.4166666666666667,4,0.3333333333333333
98.0,12,9,0.75,5,150.0,2967,2548.9222933142155,5,0.4166666666666667,4,0.3333333333333333
98.0,12,9,0.75,5,150.0,2968,2549.7813840770445,5,0.4166666666666667,4,0.3333333333333333
98.0,12,9,0.75,5,150.0,2969,2550.640474839874,5,0.4166666666666667,4,0.3333333333333333
98.0,12,9,0.75,5,150.0,2970,2551.499565602703,5,0.4166666666666667,4,0.3333333333333333
98.0,12,9,0.75,5,150.0,2971,2552.358656365532,5,0.4166666666666667,4,0.3333333333333333
98.0,12,9,0.75,5,150.0,2972,2553.217747128361,5,0.4166666666666667,4,0.3333333333333333
98.0,12,9,0.75,5,150.0,2973,2554.0768378911907,5,0.4166666666666667,4,0.3333333333333333
98.0,12,9,0.75,5,150.0,2974,2554.93592865402,5,0.4166666666666667,4,0.3333333333333333
98.0,12,9,0.75,5,150.0,2975,2555.795019416849,5,0.4166666666666667,4,0.3333333333333333
98.0,12,9,0.75,5,150.0,2976,2556.6541101796784,5,0.4166666666666667,4,0.3333333333333333
98.0,12,9,0.75,5,150.0,2977,2557.5132009425074,5,0.4166666666666667,4,0.3333333333333333
98.0,12,9,0.75,5,150.0,2978,2558.3722917053365,5,0.4166666666666667,4,0.3333333333333333
98.0,12,9,0.75,5,150.0,2979,2559.231382468166,5,0.4166666666666667,4,0.3333333333333333
98.0,12,9,0.75,5,150.0,2980,2560.090473230995,5,0.4166666666666667,4,0.3333333333333333
98.0,12,9,0.75,5,150.0,2981,2560.949563993824,5,0.4166666666666667,4,0.3333333333333333
98.0,12,9,0.75,5,150.0,2982,2561.808654756653,4,0.3333333333333333,6,0.5
98.0,12,9,0.75,5,150.0,2983,2562.6677455194827,4,0.3333333333333333,6,0.5
98.0,12,9,0.75,5,150.0,2984,2563.5268362823117,4,0.3333333333333333,6,0.5
98.0,12,9,0.75,5,150.0,2985,2564.3859270451408,4,0.3333333333333333,6,0.5
98.0,12,9,0.75,5,150.0,2986,2565.2450178079703,4,0.3333333333333333,6,0.5
98.0,12,9,0.75,5,150.0,2987,2566.1041085707993,4,0.3333333333333333,6,0.5
98.0,12,9,0.75,5,150.0,2988,2566.9631993336284,4,0.3333333333333333,6,0.5
98.0,12,9,0.75,5,150.0,2989,2567.822290096458,4,0.3333333333333333,6,0.5
98.0,12,9,0.75,5,150.0,2990,2568.681380859287,4,0.3333333333333333,6,0.5
98.0,12,9,0.75,5,150.0,2991,2569.540471622116,4,0.3333333333333333,6,0.5
98.0,12,9,0.75,5,150.0,2992,2570.3995623849455,4,0.3333333333333333,6,0.5
98.0,12,9,0.75,5,150.0,2993,2571.2586531477746,4,0.3333333333333333,6,0.5
98.0,12,9,0.75,5,150.0,2994,2572.1177439106036,4,0.3333333333333333,6,0.5
98.0,12,9,0.75,5,150.0,2995,2572.9768346734327,4,0.3333333333333333,6,0.5
98.0,12,9,0.75,5,150.0,2996,2573.835925436262,4,0.3333333333333333,6,0.5
98.0,12,9,0.75,5,150.0,2997,2574.6950161990912,4,0.3333333333333333,6,0.5
98.0,12,9,0.75,5,150.0,2998,2575.5541069619203,4,0.3333333333333333,6,0.5
98.0,12,9,0.75,5,150.0,2999,2576.41319772475,4,0.3333333333333333,6,0.5
98.0,12,9,0.75,5,150.0,3000,2577.272288487579,4,0.3333333333333333,6,0.5
98.0,12,9,0.75,5,150.0,3001,2578.131379250408,4,0.3333333333333333,6,0.5
98.0,12,9,0.75,5,150.0,3002,2578.9904700132374,4,0.3333333333333333,6,0.5
98.0,12,9,0.75,5,150.0,3003,2579.8495607760665,4,0.3333333333333333,6,0.5
98.0,12,9,0.75,5,150.0,3004,2580.7086515388955,4,0.3333333333333333,6,0.5
98.0,12,9,0.75,5,150.0,3005,2581.5677423017246,4,0.3333333333333333,6,0.5
98.0,12,9,0.75,5,150.0,3006,2582.426833064554,4,0.3333333333333333,6,0.5
98.0,12,9,0.75,5,150.0,3007,2583.285923827383,4,0.3333333333333333,6,0.5
98.0,12,9,0.75,5,150.0,3008,2584.145014590212,4,0.3333333333333333,6,0.5
98.0,12,9,0.75,5,150.0,3009,2585.0041053530417,4,0.3333333333333333,6,0.5
98.0,12,9,0.75,5,150.0,3010,2585.863196115871,4,0.3333333333333333,6,0.5
98.0,12,9,0.75,5,150.0,3011,2586.7222868787,4,0.3333333333333333,6,0.5
98.0,12,9,0.75,5,150.0,3012,2587.5813776415293,4,0.3333333333333333,6,0.5
98.0,12,9,0.75,5,150.0,3013,2588.4404684043584,4,0.3333333333333333,6,0.5
98.0,12,9,0.75,5,150.0,3014,2589.2995591671875,4,0.3333333333333333,6,0.5
98.0,12,9,0.75,5,150.0,3015,2590.1586499300165,4,0.3333333333333333,6,0.5
98.0,12,9,0.75,5,150.0,3016,2591.017740692846,4,0.3333333333333333,6,0.5
98.0,12,9,0.75,5,150.0,3017,2591.876831455675,4,0.3333333333333333,6,0.5
98.0,12,9,0.75,5,150.0,3018,2592.735922218504,4,0.3333333333333333,6,0.5
98.0,12,9,0.75,5,150.0,3019,2593.5950129813336,4,0.3333333333333333,6,0.5
98.0,12,9,0.75,5,150.0,3020,2594.4541037441627,4,0.3333333333333333,6,0.5
98.0,12,9,0.75,5,150.0,3021,2595.3131945069917,4,0.3333333333333333,6,0.5
98.0,12,9,0.75,5,150.0,3022,2596.1722852698213,4,0.3333333333333333,6,0.5
98.0,12,9,0.75,5,150.0,3023,2597.0313760326503,4,0.3333333333333333,6,0.5
98.0,12,9,0.75,5,150.0,3024,2597.8904667954794,4,0.3333333333333333,6,0.5
98.0,12,9,0.75,5,150.0,3025,2598.749557558309,4,0.3333333333333333,6,0.5
98.0,12,9,0.75,5,150.0,3026,2599.608648321138,4,0.3333333333333333,6,0.5
98.0,12,9,0.75,5,150.0,3027,2600.467739083967,4,0.3333333333333333,6,0.5
98.0,12,9,0.75,5,150.0,3028,2601.326829846796,4,0.3333333333333333,6,0.5
98.0,12,9,0.75,5,150.0,3029,2602.1859206096256,4,0.3333333333333333,6,0.5
98.0,12,9,0.75,5,150.0,3030,2603.0450113724546,4,0.3333333333333333,6,0.5
98.0,12,9,0.75,5,150.0,3031,2603.9041021352837,4,0.3333333333333333,6,0.5
98.0,12,9,0.75,5,150.0,3032,2604.763192898113,4,0.3333333333333333,6,0.5
98.0,12,9,0.75,5,150.0,3033,2605.6222836609422,4,0.3333333333333333,6,0.5
98.0,12,9,0.75,5,150.0,3034,2606.4813744237713,4,0.3333333333333333,6,0.5
98.0,12,9,0.75,5,150.0,3035,2607.340465186601,4,0.3333333333333333,6,0.5
98.0,12,9,0.75,5,150.0,3036,2608.19955594943,4,0.3333333333333333,6,0.5
98.0,12,9,0.75,5,150.0,3037,2609.058646712259,4,0.3333333333333333,6,0.5
98.0,12,9,0.75,5,150.0,3038,2609.917737475088,4,0.3333333333333333,6,0.5
98.0,12,9,0.75,5,150.0,3039,2610.7768282379175,4,0.3333333333333333,6,0.5
98.0,12,9,0.75,5,150.0,3040,2611.6359190007465,4,0.3333333333333333,6,0.5
98.0,12,9,0.75,5,150.0,3041,2612.4950097635756,4,0.3333333333333333,6,0.5
98.0,12,9,0.75,5,150.0,3042,2613.354100526405,4,0.3333333333333333,6,0.5
98.0,12,9,0.75,5,150.0,3043,2614.213191289234,4,0.3333333333333333,6,0.5
98.0,12,9,0.75,5,150.0,3044,2615.072282052063,4,0.3333333333333333,6,0.5
98.0,12,9,0.75,5,150.0,3045,2615.9313728148927,4,0.3333333333333333,6,0.5
98.0,12,9,0.75,5,150.0,3046,2616.7904635777218,4,0.3333333333333333,6,0.5
98.0,12,9,0.75,5,150.0,3047,2617.649554340551,4,0.3333333333333333,6,0.5
98.0,12,9,0.75,5,150.0,3048,2618.50864510338,4,0.3333333333333333,6,0.5
98.0,12,9,0.75,5,150.0,3049,2619.3677358662094,4,0.3333333333333333,6,0.5
98.0,12,9,0.75,5,150.0,3050,2620.2268266290384,4,0.3333333333333333,6,0.5
98.0,12,9,0.75,5,150.0,3051,2621.0859173918675,4,0.3333333333333333,6,0.5
98.0,12,9,0.75,5,150.0,3052,2621.945008154697,4,0.3333333333333333,6,0.5
98.0,12,9,0.75,5,150.0,3053,2622.804098917526,4,0.3333333333333333,6,0.5
98.0,12,9,0.75,5,150.0,3054,2623.663189680355,4,0.3333333333333333,6,0.5
98.0,12,9,0.75,5,150.0,3055,2624.5222804431846,4,0.3333333333333333,6,0.5
98.0,12,9,0.75,5,150.0,3056,2625.3813712060137,4,0.3333333333333333,6,0.5
98.0,12,9,0.75,5,150.0,3057,2626.2404619688427,4,0.3333333333333333,6,0.5
98.0,12,9,0.75,5,150.0,3058,2627.0995527316722,4,0.3333333333333333,6,0.5
98.0,12,9,0.75,5,150.0,3059,2627.9586434945013,4,0.3333333333333333,6,0.5
98.0,12,9,0.75,5,150.0,3060,2628.8177342573304,4,0.3333333333333333,6,0.5
98.0,12,9,0.75,5,150.0,3061,2629.6768250201594,4,0.3333333333333333,6,0.5
98.0,12,9,0.75,5,150.0,3062,2630.535915782989,4,0.3333333333333333,6,0.5
98.0,12,9,0.75,5,150.0,3063,2631.395006545818,4,0.3333333333333333,6,0.5
98.0,12,9,0.75,5,150.0,3064,2632.254097308647,4,0.3333333333333333,6,0.5
98.0,12,9,0.75,5,150.0,3065,2633.1131880714765,4,0.3333333333333333,6,0.5
98.0,12,9,0.75,5,150.0,3066,2633.9722788343056,4,0.3333333333333333,6,0.5
98.0,12,9,0.75,5,150.0,3067,2634.8313695971347,4,0.3333333333333333,6,0.5
98.0,12,9,0.75,5,150.0,3068,2635.690460359964,4,0.3333333333333333,6,0.5
98.0,12,9,0.75,5,150.0,3069,2636.549551122793,4,0.3333333333333333,6,0.5
98.0,12,9,0.75,5,150.0,3070,2637.4086418856223,4,0.3333333333333333,6,0.5
98.0,12,9,0.75,5,150.0,3071,2638.2677326484513,4,0.3333333333333333,6,0.5
98.0,12,9,0.75,5,150.0,3072,2639.126823411281,4,0.3333333333333333,6,0.5
98.0,12,9,0.75,5,150.0,3073,2639.98591417411,4,0.3333333333333333,6,0.5
98.0,12,9,0.75,5,150.0,3074,2640.845004936939,4,0.3333333333333333,6,0.5
98.0,12,9,0.75,5,150.0,3075,2641.7040956997685,4,0.3333333333333333,6,0.5
98.0,12,9,0.75,5,150.0,3076,2642.5631864625975,4,0.3333333333333333,6,0.5
98.0,12,9,0.75,5,150.0,3077,2643.4222772254266,4,0.3333333333333333,6,0.5
98.0,12,9,0.75,5,150.0,3078,2644.281367988256,4,0.3333333333333333,6,0.5
98.0,12,9,0.75,5,150.0,3079,2645.140458751085,4,0.3333333333333333,6,0.5
98.0,12,9,0.75,5,150.0,3080,2645.999549513914,4,0.3333333333333333,6,0.5
98.0,12,9,0.75,5,150.0,3081,2646.8586402767432,4,0.3333333333333333,6,0.5
98.0,12,9,0.75,5,150.0,3082,2647.7177310395728,4,0.3333333333333333,6,0.5
98.0,12,9,0.75,5,150.0,3083,2648.576821802402,4,0.3333333333333333,6,0.5
98.0,12,9,0.75,5,150.0,3084,2649.435912565231,4,0.3333333333333333,6,0.5
98.0,12,9,0.75,5,150.0,3085,2650.2950033280604,4,0.3333333333333333,6,0.5
98.0,12,9,0.75,5,150.0,3086,2651.1540940908894,4,0.3333333333333333,6,0.5
98.0,12,9,0.75,5,150.0,3087,2652.0131848537185,4,0.3333333333333333,6,0.5
98.0,12,9,0.75,5,150.0,3088,2652.872275616548,4,0.3333333333333333,6,0.5
98.0,12,9,0.75,5,150.0,3089,2653.731366379377,4,0.3333333333333333,6,0.5
98.0,12,9,0.75,5,150.0,3090,2654.590457142206,4,0.3333333333333333,6,0.5
98.0,12,9,0.75,5,150.0,3091,2655.4495479050356,4,0.3333333333333333,6,0.5
98.0,12,9,0.75,5,150.0,3092,2656.3086386678647,4,0.3333333333333333,6,0.5
98.0,12,9,0.75,5,150.0,3093,2657.1677294306937,4,0.3333333333333333,6,0.5
98.0,12,9,0.75,5,150.0,3094,2658.026820193523,4,0.3333333333333333,6,0.5
98.0,12,9,0.75,5,150.0,3095,2658.8859109563523,4,0.3333333333333333,6,0.5
98.0,12,9,0.75,5,150.0,3096,2659.7450017191813,4,0.3333333333333333,6,0.5
98.0,12,9,0.75,5,150.0,3097,2660.6040924820104,4,0.3333333333333333,6,0.5
98.0,12,9,0.75,5,150.0,3098,2661.46318324484,4,0.3333333333333333,6,0.5
98.0,12,9,0.75,5,150.0,3099,2662.322274007669,4,0.3333333333333333,6,0.5
98.0,12,9,0.75,5,150.0,3100,2663.181364770498,4,0.3333333333333333,6,0.5
98.0,12,9,0.75,5,150.0,3101,2664.0404555333275,4,0.3333333333333333,6,0.5
98.0,12,9,0.75,5,150.0,3102,2664.8995462961566,4,0.3333333333333333,6,0.5
98.0,12,9,0.75,5,150.0,3103,2665.7586370589856,4,0.3333333333333333,6,0.5
98.0,12,9,0.75,5,150.0,3104,2666.6177278218147,4,0.3333333333333333,6,0.5
98.0,12,9,0.75,5,150.0,3105,2667.476818584644,4,0.3333333333333333,6,0.5
98.0,12,9,0.75,5,150.0,3106,2668.3359093474733,4,0.3333333333333333,6,0.5
98.0,12,9,0.75,5,150.0,3107,2669.1950001103023,4,0.3333333333333333,6,0.5
98.0,12,9,0.75,5,150.0,3108,2670.054090873132,4,0.3333333333333333,6,0.5
98.0,12,9,0.75,5,150.0,3109,2670.913181635961,4,0.3333333333333333,6,0.5
98.0,12,9,0.75,5,150.0,3110,2671.77227239879,4,0.3333333333333333,6,0.5
98.0,12,9,0.75,5,150.0,3111,2672.6313631616194,4,0.3333333333333333,6,0.5
98.0,12,9,0.75,5,150.0,3112,2673.4904539244485,4,0.3333333333333333,6,0.5
98.0,12,9,0.75,5,150.0,3113,2674.3495446872776,4,0.3333333333333333,6,0.5
98.0,12,9,0.75,5,150.0,3114,2675.2086354501066,4,0.3333333333333333,6,0.5
98.0,12,9,0.75,5,150.0,3115,2676.067726212936,4,0.3333333333333333,6,0.5
98.0,12,9,0.75,5,150.0,3116,2676.926816975765,4,0.3333333333333333,6,0.5
98.0,12,9,0.75,5,150.0,3117,2677.7859077385942,4,0.3333333333333333,6,0.5
98.0,12,9,0.75,5,150.0,3118,2678.6449985014237,4,0.3333333333333333,6,0.5
98.0,12,9,0.75,5,150.0,3119,2679.504089264253,4,0.3333333333333333,6,0.5
98.0,12,9,0.75,5,150.0,3120,2680.363180027082,4,0.3333333333333333,6,0.5
98.0,12,9,0.75,5,150.0,3121,2681.2222707899114,4,0.3333333333333333,6,0.5
98.0,12,9,0.75,5,150.0,3122,2682.0813615527404,4,0.3333333333333333,6,0.5
98.0,12,9,0.75,5,150.0,3123,2682.9404523155695,4,0.3333333333333333,6,0.5
98.0,12,9,0.75,5,150.0,3124,2683.799543078399,4,0.3333333333333333,6,0.5
98.0,12,9,0.75,5,150.0,3125,2684.658633841228,4,0.3333333333333333,6,0.5
98.0,12,9,0.75,5,150.0,3126,2685.517724604057,4,0.3333333333333333,6,0.5
98.0,12,9,0.75,5,150.0,3127,2686.376815366886,4,0.3333333333333333,6,0.5
98.0,12,9,0.75,5,150.0,3128,2687.2359061297157,4,0.3333333333333333,6,0.5
98.0,12,9,0.75,5,150.0,3129,2688.0949968925447,4,0.3333333333333333,6,0.5
98.0,12,9,0.75,5,150.0,3130,2688.9540876553738,4,0.3333333333333333,6,0.5
98.0,12,9,0.75,5,150.0,3131,2689.8131784182033,4,0.3333333333333333,6,0.5
98.0,12,9,0.75,5,150.0,3132,2690.6722691810323,4,0.3333333333333333,6,0.5
98.0,12,9,0.75,5,150.0,3133,2691.5313599438614,4,0.3333333333333333,6,0.5
98.0,12,9,0.75,5,150.0,3134,2692.390450706691,4,0.3333333333333333,6,0.5
98.0,12,9,0.75,5,150.0,3135,2693.24954146952,4,0.3333333333333333,6,0.5
98.0,12,9,0.75,5,150.0,3136,2694.108632232349,4,0.3333333333333333,6,0.5
98.0,12,9,0.75,5,150.0,3137,2694.967722995178,4,0.3333333333333333,6,0.5
98.0,12,9,0.75,5,150.0,3138,2695.8268137580076,4,0.3333333333333333,6,0.5
98.0,12,9,0.75,5,150.0,3139,2696.6859045208366,4,0.3333333333333333,6,0.5
98.0,12,9,0.75,5,150.0,3140,2697.5449952836657,4,0.3333333333333333,6,0.5
98.0,12,9,0.75,5,150.0,3141,2698.404086046495,4,0.3333333333333333,6,0.5
98.0,12,9,0.75,5,150.0,3142,2699.2631768093242,4,0.3333333333333333,6,0.5
98.0,12,9,0.75,5,150.0,3143,2700.1222675721533,4,0.3333333333333333,6,0.5
98.0,12,9,0.75,5,150.0,3144,2700.981358334983,4,0.3333333333333333,6,0.5
98.0,12,9,0.75,5,150.0,3145,2701.840449097812,4,0.3333333333333333,6,0.5
98.0,12,9,0.75,5,150.0,3146,2702.699539860641,4,0.3333333333333333,6,0.5
98.0,12,9,0.75,5,150.0,3147,2703.55863062347,4,0.3333333333333333,6,0.5
98.0,12,9,0.75,5,150.0,3148,2704.4177213862995,4,0.3333333333333333,6,0.5
98.0,12,9,0.75,5,150.0,3149,2705.2768121491285,4,0.3333333333333333,6,0.5
98.0,12,9,0.75,5,150.0,3150,2706.1359029119576,4,0.3333333333333333,6,0.5
98.0,12,9,0.75,5,150.0,3151,2706.994993674787,5,0.4166666666666667,6,0.5
98.0,12,9,0.75,5,150.0,3152,2707.854084437616,5,0.4166666666666667,6,0.5
98.0,12,9,0.75,5,150.0,3153,2708.713175200445,5,0.4166666666666667,6,0.5
98.0,12,9,0.75,5,150.0,3154,2709.5722659632747,5,0.4166666666666667,6,0.5
98.0,12,9,0.75,5,150.0,3155,2710.431356726104,5,0.4166666666666667,6,0.5
98.0,12,9,0.75,5,150.0,3156,2711.290447488933,5,0.4166666666666667,6,0.5
98.0,12,9,0.75,5,150.0,3157,2712.1495382517624,5,0.4166666666666667,6,0.5
98.0,12,9,0.75,5,150.0,3158,2713.0086290145914,5,0.4166666666666667,6,0.5
98.0,12,9,0.75,5,150.0,3159,2713.8677197774205,5,0.4166666666666667,6,0.5
98.0,12,9,0.75,5,150.0,3160,2714.7268105402495,5,0.4166666666666667,6,0.5
98.0,12,9,0.75,5,150.0,3161,2715.585901303079,5,0.4166666666666667,6,0.5
98.0,12,9,0.75,5,150.0,3162,2716.444992065908,5,0.4166666666666667,6,0.5
98.0,12,9,0.75,5,150.0,3163,2717.304082828737,5,0.4166666666666667,6,0.5
98.0,12,9,0.75,5,150.0,3164,2718.1631735915666,5,0.4166666666666667,6,0.5
98.0,12,9,0.75,5,150.0,3165,2719.0222643543957,5,0.4166666666666667,6,0.5
98.0,12,9,0.75,5,150.0,3166,2719.8813551172248,5,0.4166666666666667,6,0.5
98.0,12,9,0.75,5,150.0,3167,2720.7404458800543,5,0.4166666666666667,6,0.5
98.0,12,9,0.75,5,150.0,3168,2721.5995366428833,5,0.4166666666666667,6,0.5
98.0,12,9,0.75,5,150.0,3169,2722.4586274057124,5,0.4166666666666667,6,0.5
98.0,12,9,0.75,5,150.0,3170,2723.3177181685414,5,0.4166666666666667,6,0.5
98.0,12,9,0.75,5,150.0,3171,2724.176808931371,5,0.4166666666666667,6,0.5
98.0,12,9,0.75,5,150.0,3172,2725.0358996942,5,0.4166666666666667,6,0.5
98.0,12,9,0.75,5,150.0,3173,2725.894990457029,5,0.4166666666666667,6,0.5
98.0,12,9,0.75,5,150.0,3174,2726.7540812198586,5,0.4166666666666667,6,0.5
98.0,12,9,0.75,5,150.0,3175,2727.6131719826876,5,0.4166666666666667,6,0.5
98.0,12,9,0.75,5,150.0,3176,2728.4722627455167,5,0.4166666666666667,6,0.5
98.0,12,9,0.75,5,150.0,3177,2729.331353508346,5,0.4166666666666667,6,0.5
98.0,12,9,0.75,5,150.0,3178,2730.1904442711752,5,0.4166666666666667,6,0.5
98.0,12,9,0.75,5,150.0,3179,2731.0495350340043,5,0.4166666666666667,6,0.5
98.0,12,9,0.75,5,150.0,3180,2731.9086257968333,5,0.4166666666666667,6,0.5
98.0,12,9,0.75,5,150.0,3181,2732.767716559663,5,0.4166666666666667,6,0.5
98.0,12,9,0.75,5,150.0,3182,2733.626807322492,5,0.4166666666666667,6,0.5
98.0,12,9,0.75,5,150.0,3183,2734.485898085321,5,0.4166666666666667,6,0.5
98.0,12,9,0.75,5,150.0,3184,2735.3449888481505,5,0.4166666666666667,6,0.5
98.0,12,9,0.75,5,150.0,3185,2736.2040796109795,5,0.4166666666666667,6,0.5
98.0,12,9,0.75,5,150.0,3186,2737.0631703738086,5,0.4166666666666667,6,0.5
98.0,12,9,0.75,5,150.0,3187,2737.922261136638,5,0.4166666666666667,6,0.5
98.0,12,9,0.75,5,150.0,3188,2738.781351899467,5,0.4166666666666667,6,0.5
98.0,12,9,0.75,5,150.0,3189,2739.640442662296,5,0.4166666666666667,6,0.5
98.0,12,9,0.75,5,150.0,3190,2740.4995334251257,5,0.4166666666666667,6,0.5
98.0,12,9,0.75,5,150.0,3191,2741.358624187955,5,0.4166666666666667,6,0.5
98.0,12,9,0.75,5,150.0,3192,2742.217714950784,5,0.4166666666666667,6,0.5
98.0,12,9,0.75,5,150.0,3193,2743.076805713613,5,0.4166666666666667,6,0.5
98.0,12,9,0.75,5,150.0,3194,2743.9358964764424,5,0.4166666666666667,6,0.5
98.0,12,9,0.75,5,150.0,3195,2744.7949872392714,5,0.4166666666666667,6,0.5
98.0,12,9,0.75,5,150.0,3196,2745.6540780021005,5,0.4166666666666667,6,0.5
98.0,12,9,0.75,5,150.0,3197,2746.51316876493,5,0.4166666666666667,6,0.5
98.0,12,9,0.75,5,150.0,3198,2747.372259527759,5,0.4166666666666667,6,0.5
98.0,12,9,0.75,5,150.0,3199,2748.231350290588,5,0.4166666666666667,6,0.5
98.0,12,9,0.75,5,150.0,3200,2749.0904410534176,5,0.4166666666666667,6,0.5
98.0,12,9,0.75,5,150.0,3201,2749.9495318162467,5,0.4166666666666667,6,0.5
98.0,12,9,0.75,5,150.0,3202,2750.8086225790757,5,0.4166666666666667,6,0.5
98.0,12,9,0.75,5,150.0,3203,2751.667713341905,5,0.4166666666666667,6,0.5
98.0,12,9,0.75,5,150.0,3204,2752.5268041047343,5,0.4166666666666667,6,0.5
98.0,12,9,0.75,5,150.0,3205,2753.3858948675634,5,0.4166666666666667,6,0.5
98.0,12,9,0.75,5,150.0,3206,2754.2449856303924,5,0.4166666666666667,6,0.5
98.0,12,9,0.75,5,150.0,3207,2755.104076393222,5,0.4166666666666667,6,0.5
98.0,12,9,0.75,5,150.0,3208,2755.963167156051,5,0.4166666666666667,6,0.5
98.0,12,9,0.75,5,150.0,3209,2756.82225791888,5,0.4166666666666667,6,0.5
98.0,12,9,0.75,5,150.0,3210,2757.6813486817096,5,0.4166666666666667,6,0.5
98.0,12,9,0.75,5,150.0,3211,2758.5404394445386,5,0.4166666666666667,6,0.5
98.0,12,9,0.75,5,150.0,3212,2759.3995302073677,4,0.3333333333333333,6,0.5
98.0,12,9,0.75,5,150.0,3213,2760.2586209701967,4,0.3333333333333333,6,0.5
98.0,12,9,0.75,5,150.0,3214,2761.117711733026,4,0.3333333333333333,6,0.5
98.0,12,9,0.75,5,150.0,3215,2761.9768024958553,4,0.3333333333333333,6,0.5
98.0,12,9,0.75,5,150.0,3216,2762.8358932586843,4,0.3333333333333333,6,0.5
98.0,12,9,0.75,5,150.0,3217,2763.694984021514,4,0.3333333333333333,6,0.5
98.0,12,9,0.75,5,150.0,3218,2764.554074784343,4,0.3333333333333333,6,0.5
98.0,12,9,0.75,5,150.0,3219,2765.413165547172,4,0.3333333333333333,6,0.5
98.0,12,9,0.75,5,150.0,3220,2766.2722563100015,4,0.3333333333333333,6,0.5
98.0,12,9,0.75,5,150.0,3221,2767.1313470728305,4,0.3333333333333333,6,0.5
98.0,12,9,0.75,5,150.0,3222,2767.9904378356596,4,0.3333333333333333,6,0.5
98.0,12,9,0.75,5,150.0,3223,2768.8495285984886,4,0.3333333333333333,6,0.5
98.0,12,9,0.75,5,150.0,3224,2769.708619361318,4,0.3333333333333333,6,0.5
98.0,12,9,0.75,5,150.0,3225,2770.567710124147,4,0.3333333333333333,6,0.5
98.0,12,9,0.75,5,150.0,3226,2771.4268008869763,4,0.3333333333333333,6,0.5
98.0,12,9,0.75,5,150.0,3227,2772.2858916498058,4,0.3333333333333333,6,0.5
98.0,12,9,0.75,5,150.0,3228,2773.144982412635,4,0.3333333333333333,6,0.5
98.0,12,9,0.75,5,150.0,3229,2774.004073175464,4,0.3333333333333333,6,0.5
98.0,12,9,0.75,5,150.0,3230,2774.8631639382934,4,0.3333333333333333,6,0.5
98.0,12,9,0.75,5,150.0,3231,2775.7222547011224,4,0.3333333333333333,6,0.5
98.0,12,9,0.75,5,150.0,3232,2776.5813454639515,4,0.3333333333333333,6,0.5
98.0,12,9,0.75,5,150.0,3233,2777.440436226781,4,0.3333333333333333,6,0.5
98.0,12,9,0.75,5,150.0,3234,2778.29952698961,4,0.3333333333333333,6,0.5
98.0,12,9,0.75,5,150.0,3235,2779.158617752439,4,0.3333333333333333,6,0.5
98.0,12,9,0.75,5,150.0,3236,2780.017708515268,4,0.3333333333333333,6,0.5
98.0,12,9,0.75,5,150.0,3237,2780.8767992780977,4,0.3333333333333333,6,0.5
98.0,12,9,0.75,5,150.0,3238,2781.7358900409267,4,0.3333333333333333,6,0.5
98.0,12,9,0.75,5,150.0,3239,2782.594980803756,4,0.3333333333333333,6,0.5
98.0,12,9,0.75,5,150.0,3240,2783.4540715665853,4,0.3333333333333333,6,0.5
98.0,12,9,0.75,5,150.0,3241,2784.3131623294144,4,0.3333333333333333,6,0.5
98.0,12,9,0.75,5,150.0,3242,2785.1722530922434,4,0.3333333333333333,6,0.5
98.0,12,9,0.75,5,150.0,3243,2786.031343855073,4,0.3333333333333333,6,0.5
98.0,12,9,0.75,5,150.0,3244,2786.890434617902,4,0.3333333333333333,6,0.5
98.0,12,9,0.75,5,150.0,3245,2787.749525380731,4,0.3333333333333333,6,0.5
98.0,12,9,0.75,5,150.0,3246,2788.60861614356,4,0.3333333333333333,6,0.5
98.0,12,9,0.75,5,150.0,3247,2789.4677069063896,4,0.3333333333333333,6,0.5
98.0,12,9,0.75,5,150.0,3248,2790.3267976692186,4,0.3333333333333333,6,0.5
98.0,12,9,0.75,5,150.0,3249,2791.1858884320477,4,0.3333333333333333,6,0.5
98.0,12,9,0.75,5,150.0,3250,2792.044979194877,4,0.3333333333333333,6,0.5
98.0,12,9,0.75,5,150.0,3251,2792.9040699577063,4,0.3333333333333333,6,0.5
98.0,12,9,0.75,5,150.0,3252,2793.7631607205353,4,0.3333333333333333,6,0.5
98.0,12,9,0.75,5,150.0,3253,2794.622251483365,4,0.3333333333333333,6,0.5
98.0,12,9,0.75,5,150.0,3254,2795.481342246194,4,0.3333333333333333,6,0.5
98.0,12,9,0.75,5,150.0,3255,2796.340433009023,4,0.3333333333333333,6,0.5
98.0,12,9,0.75,5,150.0,3256,2797.199523771852,4,0.3333333333333333,6,0.5
98.0,12,9,0.75,5,150.0,3257,2798.0586145346815,4,0.3333333333333333,6,0.5
98.0,12,9,0.75,5,150.0,3258,2798.9177052975106,4,0.3333333333333333,6,0.5
98.0,12,9,0.75,5,150.0,3259,2799.7767960603396,4,0.3333333333333333,6,0.5
98.0,12,9,0.75,5,150.0,3260,2800.635886823169,4,0.3333333333333333,6,0.5
98.0,12,9,0.75,5,150.0,3261,2801.494977585998,4,0.3333333333333333,6,0.5
98.0,12,9,0.75,5,150.0,3262,2802.3540683488272,4,0.3333333333333333,6,0.5
98.0,12,9,0.75,5,150.0,3263,2803.2131591116568,4,0.3333333333333333,6,0.5
98.0,12,9,0.75,5,150.0,3264,2804.072249874486,4,0.3333333333333333,6,0.5
98.0,12,9,0.75,5,150.0,3265,2804.931340637315,4,0.3333333333333333,6,0.5
98.0,12,9,0.75,5,150.0,3266,2805.7904314001444,4,0.3333333333333333,6,0.5
98.0,12,9,0.75,5,150.0,3267,2806.6495221629734,4,0.3333333333333333,6,0.5
98.0,12,9,0.75,5,150.0,3268,2807.5086129258025,4,0.3333333333333333,6,0.5
98.0,12,9,0.75,5,150.0,3269,2808.3677036886315,4,0.3333333333333333,6,0.5
98.0,12,9,0.75,5,150.0,3270,2809.226794451461,4,0.3333333333333333,6,0.5
98.0,12,9,0.75,5,150.0,3271,2810.08588521429,4,0.3333333333333333,6,0.5
98.0,12,9,0.75,5,150.0,3272,2810.944975977119,4,0.3333333333333333,6,0.5
98.0,12,9,0.75,5,150.0,3273,2811.8040667399487,4,0.3333333333333333,6,0.5
98.0,12,9,0.75,5,150.0,3274,2812.6631575027777,4,0.3333333333333333,6,0.5
98.0,12,9,0.75,5,150.0,3275,2813.522248265607,4,0.3333333333333333,6,0.5
98.0,12,9,0.75,5,150.0,3276,2814.3813390284363,4,0.3333333333333333,6,0.5
98.0,12,9,0.75,5,150.0,3277,2815.2404297912653,4,0.3333333333333333,6,0.5
98.0,12,9,0.75,5,150.0,3278,2816.0995205540944,4,0.3333333333333333,6,0.5
98.0,12,9,0.75,5,150.0,3279,2816.9586113169235,4,0.3333333333333333,6,0.5
98.0,12,9,0.75,5,150.0,3280,2817.817702079753,4,0.3333333333333333,6,0.5
98.0,12,9,0.75,5,150.0,3281,2818.676792842582,4,0.3333333333333333,6,0.5
98.0,12,9,0.75,5,150.0,3282,2819.535883605411,4,0.3333333333333333,6,0.5
98.0,12,9,0.75,5,150.0,3283,2820.3949743682406,4,0.3333333333333333,6,0.5
98.0,12,9,0.75,5,150.0,3284,2821.2540651310696,4,0.3333333333333333,6,0.5
98.0,12,9,0.75,5,150.0,3285,2822.1131558938987,4,0.3333333333333333,6,0.5
98.0,12,9,0.75,5,150.0,3286,2822.972246656728,4,0.3333333333333333,6,0.5
98.0,12,9,0.75,5,150.0,3287,2823.8313374195573,4,0.3333333333333333,6,0.5
98.0,12,9,0.75,5,150.0,3288,2824.6904281823863,4,0.3333333333333333,6,0.5
98.0,12,9,0.75,5,150.0,3289,2825.5495189452154,4,0.3333333333333333,6,0.5
98.0,12,9,0.75,5,150.0,3290,2826.408609708045,4,0.3333333333333333,6,0.5
98.0,12,9,0.75,5,150.0,3291,2827.267700470874,4,0.3333333333333333,6,0.5
98.0,12,9,0.75,5,150.0,3292,2828.126791233703,4,0.3333333333333333,6,0.5
98.0,12,9,0.75,5,150.0,3293,2828.9858819965325,4,0.3333333333333333,6,0.5
98.0,12,9,0.75,5,150.0,3294,2829.8449727593616,4,0.3333333333333333,6,0.5
98.0,12,9,0.75,5,150.0,3295,2830.7040635221906,4,0.3333333333333333,6,0.5
98.0,12,9,0.75,5,150.0,3296,2831.56315428502,4,0.3333333333333333,6,0.5
98.0,12,9,0.75,5,150.0,3297,2832.422245047849,4,0.3333333333333333,6,0.5
98.0,12,9,0.75,5,150.0,3298,2833.2813358106782,4,0.3333333333333333,6,0.5
98.0,12,9,0.75,5,150.0,3299,2834.1404265735077,4,0.3333333333333333,6,0.5
98.0,12,9,0.75,5,150.0,3300,2834.999517336337,4,0.3333333333333333,6,0.5
98.0,12,9,0.75,5,150.0,3301,2835.858608099166,4,0.3333333333333333,6,0.5
98.0,12,9,0.75,5,150.0,3302,2836.717698861995,4,0.3333333333333333,6,0.5
98.0,12,9,0.75,5,150.0,3303,2837.5767896248244,4,0.3333333333333333,6,0.5
98.0,12,9,0.75,5,150.0,3304,2838.4358803876535,4,0.3333333333333333,6,0.5
98.0,12,9,0.75,5,150.0,3305,2839.2949711504825,4,0.3333333333333333,6,0.5
98.0,12,9,0.75,5,150.0,3306,2840.154061913312,4,0.3333333333333333,6,0.5
98.0,12,9,0.75,5,150.0,3307,2841.013152676141,4,0.3333333333333333,6,0.5
98.0,12,9,0.75,5,150.0,3308,2841.87224343897,4,0.3333333333333333,6,0.5
98.0,12,9,0.75,5,150.0,3309,2842.7313342017997,4,0.3333333333333333,6,0.5
98.0,12,9,0.75,5,150.0,3310,2843.5904249646287,4,0.3333333333333333,6,0.5
98.0,12,9,0.75,5,150.0,3311,2844.4495157274578,4,0.3333333333333333,6,0.5
98.0,12,9,0.75,5,150.0,3312,2845.308606490287,4,0.3333333333333333,6,0.5
98.0,12,9,0.75,5,150.0,3313,2846.1676972531163,4,0.3333333333333333,6,0.5
98.0,12,9,0.75,5,150.0,3314,2847.0267880159454,4,0.3333333333333333,6,0.5
98.0,12,9,0.75,5,150.0,3315,2847.8858787787744,4,0.3333333333333333,6,0.5
98.0,12,9,0.75,5,150.0,3316,2848.744969541604,4,0.3333333333333333,6,0.5
98.0,12,9,0.75,5,150.0,3317,2849.604060304433,4,0.3333333333333333,6,0.5
98.0,12,9,0.75,5,150.0,3318,2850.463151067262,4,0.3333333333333333,6,0.5
98.0,12,9,0.75,5,150.0,3319,2851.3222418300916,4,0.3333333333333333,6,0.5
98.0,12,9,0.75,5,150.0,3320,2852.1813325929206,4,0.3333333333333333,6,0.5
98.0,12,9,0.75,5,150.0,3321,2853.0404233557497,4,0.3333333333333333,6,0.5
98.0,12,9,0.75,5,150.0,3322,2853.8995141185787,4,0.3333333333333333,6,0.5
98.0,12,9,0.75,5,150.0,3323,2854.7586048814082,4,0.3333333333333333,6,0.5
98.0,12,9,0.75,5,150.0,3324,2855.6176956442373,4,0.3333333333333333,6,0.5
98.0,12,9,0.75,5,150.0,3325,2856.4767864070664,4,0.3333333333333333,6,0.5
98.0,12,9,0.75,5,150.0,3326,2857.335877169896,4,0.3333333333333333,6,0.5
98.0,12,9,0.75,5,150.0,3327,2858.194967932725,4,0.3333333333333333,6,0.5
98.0,12,9,0.75,5,150.0,3328,2859.054058695554,4,0.3333333333333333,6,0.5
98.0,12,9,0.75,5,150.0,3329,2859.9131494583835,4,0.3333333333333333,6,0.5
98.0,12,9,0.75,5,150.0,3330,2860.7722402212125,4,0.3333333333333333,6,0.5
98.0,12,9,0.75,5,150.0,3331,2861.6313309840416,4,0.3333333333333333,6,0.5
98.0,12,9,0.75,5,150.0,3332,2862.490421746871,4,0.3333333333333333,6,0.5
98.0,12,9,0.75,5,150.0,3333,2863.3495125097,4,0.3333333333333333,6,0.5
98.0,12,9,0.75,5,150.0,3334,2864.208603272529,4,0.3333333333333333,6,0.5
98.0,12,9,0.75,5,150.0,3335,2865.0676940353583,4,0.3333333333333333,6,0.5
98.0,12,9,0.75,5,150.0,3336,2865.926784798188,4,0.3333333333333333,6,0.5
98.0,12,9,0.75,5,150.0,3337,2866.785875561017,4,0.3333333333333333,6,0.5
98.0,12,9,0.75,5,150.0,3338,2867.644966323846,4,0.3333333333333333,6,0.5
98.0,12,9,0.75,5,150.0,3339,2868.5040570866754,4,0.3333333333333333,6,0.5
98.0,12,9,0.75,5,150.0,3340,2869.3631478495045,4,0.3333333333333333,6,0.5
